ID,Correlativo,Fecha,CategorÃ­a,Edad,Talla,IMC,PesoActual_Kg,MA_Per,MA_Kg,MO_kg,MM_Per,MM_Kg,IMO,Sum6Pliegues,Observaciones,TallaSentado,Biacromial,T_delTorax,AntPost_delTorax,Biiliocristal,Humero,Femur,Cabeza,Brazo_Relajado,Brazo_Flexionado,Antebrazo,Torax,Cintura,Cadera,Muslo1cm_Gluteo,MusloMedio,Pierna,Triceps,Subescapular,Supraespinal,Abdominal,Muslo,Pantorrilla,Fecha_registro,Nro_Evaluacion,MG_Per,Std - 4 Clusters,MA_Kg - Grouping,MM_Kg - Grouping,Sum6Pliegues - Grouping,Std - 5 Clusters,Std - 6 Clusters,Height - 4 Clusters,Height - 5 Clusters,Height - 6 Clusters,Age - 4 Clusters,Age - 5 Clusters,Age - 6 Clusters
10000003,87,2023-01-12,Sub-15,14.6,163.4,17.04147933524,45.5,23.0640553135199,10.4941451676515,6.90898701117835,40.4659200301971,18.4119936137397,2.66493388740638,28.1,"Aumentar 7.8 kg de MM, mantener S6P.",84.1,36.5,26.0,17.9,24.3,6.5,9.3,54.7,20.7,22.2,20.0,77.0,65.2,76.4,42.7,41.9,31.4,4.4,5.1,7.2,2.5,5.4,3.5,2023-10-19 19:58:19.247,1,,0,0-20,0-20,0-20,1,2,1,4,2,3,0,5
10000004,243,2023-03-09,Sub-15,14.4,168.4,20.4171156786522,57.9,23.0573773954876,13.3502215119873,7.25329574443679,46.4889055752769,26.9170763280853,3.71101321061264,47.5,"Aumentar 0.4 kg de MM, mantener S6P.",90.0,40.2,29.4,17.2,25.6,6.7,8.9,55.5,25.3,27.0,22.6,89.0,72.0,88.1,53.5,52.4,34.1,7.6,7.8,7.4,9.6,9.2,5.9,2023-10-19 19:58:19.247,1,,0,20-40,40-60,40-60,1,2,1,0,0,3,3,5
10000005,88,2023-01-12,Sub-15,14.1,168.1,20.0300025373696,56.6,26.300509258118,14.8860882400948,8.31379075004314,38.0426036153105,21.5321136462657,2.58992730195356,49.5,"Aumentar 2.5 kg de MM, mantener S6P.",132.4,38.5,27.7,17.4,27.6,7.2,9.7,52.6,26.0,27.5,24.7,70.4,88.4,87.4,50.5,47.8,33.4,6.6,7.1,8.7,11.0,8.4,7.7,2023-10-19 19:58:19.247,1,12.79,0,60-80,0-20,40-60,1,2,1,0,0,3,3,2
10000009,61,2023-01-13,Sub-14,13.9,174.7,20.6093756604256,62.9,24.2057182302662,15.2253967668374,8.48612054654273,43.8707521999433,27.5947031337644,3.25174536260936,46.7,"Mantener MM, disminuir 2.6 puntos en la S6P.",92.0,39.4,28.4,19.5,27.8,6.3,10.4,56.3,25.5,26.6,23.5,85.8,72.2,91.5,54.1,51.5,34.2,7.5,7.1,8.7,7.3,8.4,7.7,2023-10-19 19:58:19.247,1,13.23,0,60-80,40-60,40-60,0,4,0,3,3,3,3,2
10000013,226,2023-03-08,Sub-14,14.2,167.1,20.7360324556512,57.9,24.6039326824515,14.2456770231394,6.92554789288647,45.2115052988378,26.1774615680271,3.77983980082141,45.4,"Aumentar 2.9 kg de MM, dimisminuir 1.8 puntos en la S6P.",91.5,37.2,25.3,19.4,23.6,6.7,9.4,54.4,23.2,26.2,23.1,81.5,68.4,87.0,52.0,49.0,35.7,7.6,7.8,5.3,8.6,9.2,6.9,2023-10-19 19:58:19.247,1,30.1,0,20-40,20-40,20-40,1,2,1,0,0,3,3,2
10000020,1008,2023-03-04,Sub-16,14.4,165.8,2.749,54.1,20.69,11.191,6.319,43.98,23.795,3.7656,37.0,,87.4,35.7,26.2,37.4,26.1,6.6,8.7,56.2,25.5,26.8,23.0,82.5,70.4,85.1,50.3,47.5,32.5,6.0,6.0,5.0,9.0,7.0,4.0,2024-01-27 20:03:20.700,1,12.07,0,0-20,20-40,0-20,1,2,1,0,0,3,3,5
10000022,67,2023-01-13,Sub-14,13.5,174.6,21.2234411759689,64.7,26.2302047428919,16.970942468651,9.65542401465381,42.3426587737117,27.3957002265915,2.83733787195815,53.2,"Mantener MM, disminuir 2.2 puntos en la S6P.",95.9,40.4,26.5,17.5,28.1,7.1,10.6,55.8,26.7,28.6,25.3,81.5,70.4,91.2,52.6,49.7,35.6,8.3,8.7,8.4,10.0,6.9,10.9,2023-10-19 19:58:19.247,1,13.28,0,80-100,40-60,60-80,0,4,0,3,3,0,3,2
10000024,64,2023-01-13,Sub-14,13.9,166.1,18.8479481652429,52.0,28.0722075150476,14.5975479078247,7.68996056205256,42.2896896161943,21.990638600421,2.85965557599055,48.5,,128.2,35.5,25.4,16.5,27.2,6.7,10.0,53.7,22.6,23.5,21.7,80.9,76.9,93.1,47.4,45.9,33.5,7.9,6.7,8.1,5.7,10.8,9.3,2023-10-19 19:58:19.247,1,16.54,0,40-60,0-20,40-60,1,2,1,0,0,3,3,2
10000025,65,2023-01-13,Sub-14,13.6,172.8,23.6437971536351,70.6,27.8053166719369,19.6305535703875,8.92870107614486,41.8450846314123,29.5426297497771,3.30872648751869,76.4,"Mantener MM, disminuir 9.8 puntos en la S6P.",97.1,39.4,29.5,20.5,27.9,7.2,10.3,57.5,27.6,28.5,26.0,89.2,79.3,98.0,54.7,50.5,36.2,11.4,9.9,11.3,20.6,12.3,10.9,2023-10-19 19:58:19.247,1,14.09,0,80-100,60-80,80-100,0,4,0,3,3,3,3,2
10000028,90,2023-01-12,Sub-15,14.8,175.9,23.0763189457548,71.4,21.685390767073,15.4833690076902,9.12147506438535,47.8141023499943,34.1392690778959,3.74273555942636,47.5,"Mantener MM, disminuir 6 puntos en la S6P.",98.0,40.0,28.2,21.1,27.9,7.4,10.4,56.0,27.3,29.2,26.0,89.0,75.8,98.0,57.5,55.2,38.8,6.6,7.9,9.6,8.9,8.9,5.6,2023-10-19 19:58:19.247,1,12.65,0,60-80,80-100,40-60,0,4,0,3,3,3,0,5
10000035,46,2023-01-14,Sub-13,12.9,166.2,18.2822371955555,50.5,25.5513052441957,12.9034091483188,7.62092685983954,41.0068275028364,20.7084478889324,2.71731355907127,40.1,"Aumentar 2.8 kg de MM, disminuir 1.6 en la S6P.",89.0,37.4,25.8,16.1,25.2,7.1,9.8,53.7,22.8,24.4,22.1,77.0,65.9,84.5,47.5,45.2,31.5,5.7,6.3,7.8,7.3,8.4,4.6,2023-10-19 19:58:19.247,1,16.16,0,0-20,0-20,20-40,1,2,1,0,0,0,1,0
10000041,92,2023-01-12,Sub-15,14.3,163.9,19.6551342896102,52.8,24.3081773724957,12.8347176526778,8.099475605277,50.2866250021022,26.55133800111,3.27815519115968,38.5,"Aumentar 3.6 kg de MM, mantener S6P.",127.8,37.8,28.0,15.9,26.0,6.5,9.7,54.2,25.0,25.9,22.3,81.8,68.0,83.9,49.8,47.8,33.1,6.2,6.3,7.8,5.7,6.9,5.6,2023-10-19 19:58:19.247,1,10.97,0,0-20,40-60,0-20,1,2,1,4,2,3,3,2
10000045,93,2023-01-12,Sub-15,14.9,175.5,21.006323000625,64.7,27.1604776274841,17.5728290249822,9.84844741544083,46.6815338582906,30.202952406314,3.06677297773459,45.8,,134.2,36.9,27.3,19.0,29.8,6.7,10.6,55.4,25.1,26.8,22.3,84.2,73.5,94.0,52.8,50.5,34.9,8.8,7.1,8.1,8.9,8.3,4.6,2023-10-19 19:58:19.247,1,,0,80-100,80-100,40-60,0,4,0,3,3,3,0,5
10000047,254,2023-03-09,Sub-15,14.9,175.0,21.2897959183673,65.2,22.1680680529311,14.4535803705111,7.74215075323017,48.8925503586261,31.8779428338242,4.11745312767569,45.6,"Mantener MM, disminuir 3.6 puntos en la S6P.",85.5,39.1,28.7,18.8,26.6,10.2,7.0,54.3,29.0,35.5,25.1,88.9,74.9,94.0,56.0,53.6,36.1,7.6,8.6,7.4,11.7,5.3,5.0,2023-10-19 19:58:19.247,1,12.25,0,40-60,80-100,20-40,0,4,0,3,3,3,0,5
10000049,537,2023-06-27,Sub-15,14.8,174.2,21.6835103823811,65.8,24.57,16.166,8.56,45.15,29.711,3.4709,51.2,Requiere aumentar 0.9 kg de MM  y debe disminuir 4.8 puntos en la  S6P.,86.6,41.3,28.1,18.6,26.5,7.2,9.7,53.7,25.5,27.5,23.8,87.1,73.1,91.8,54.3,52.5,36.0,6.6,8.2,6.8,14.8,9.0,5.8,2023-10-19 19:58:19.247,1,16.07,0,80-100,60-80,60-80,0,4,0,3,3,3,0,5
10000051,94,2023-01-12,Sub-15,14.9,165.6,22.6084622744988,62.0,23.0620967394815,14.2984999784785,8.39744509640133,45.4528545731934,28.1807698353799,3.35587425840469,55.6,Requiere aumentar 2.5 kg de MM y debe disminuir 16.6 puntos en la S6P.,93.0,38.8,28.7,19.7,28.6,7.1,10.3,53.3,26.5,27.9,24.2,86.0,74.0,91.9,54.6,53.7,36.2,7.5,8.7,9.9,13.1,10.3,6.1,2023-10-19 19:58:19.247,1,12.9,0,40-60,60-80,60-80,1,2,1,0,0,3,0,5
10000052,47,2023-01-14,Sub-13,12.6,169.6,21.624132253471,62.2,23.0182686758504,14.317363116379,7.93920114466819,47.077126806631,29.2819728737245,3.68827698658191,45.1,"Mantener MM, disminuir 11.8 puntos en la S6P.",93.0,35.8,26.3,18.4,25.3,7.6,10.6,55.3,27.2,27.7,25.0,84.0,69.2,90.2,52.5,51.5,35.5,6.6,7.9,9.3,6.8,9.9,4.6,2023-10-19 19:58:19.247,1,11.62,0,40-60,60-80,20-40,1,2,1,0,0,0,1,0
10000058,49,2023-01-14,Sub-13,12.9,171.1,21.1783280119938,62.0,31.4650785715137,19.5083487143385,9.48638356336204,44.3645185662597,27.506001511081,2.89952449501554,62.2,,133.5,38.9,27.7,18.8,26.1,7.1,10.2,56.5,24.0,25.1,22.7,83.6,71.2,93.8,52.5,56.0,34.8,10.1,8.7,8.7,13.1,12.8,8.8,2023-10-19 19:58:19.247,1,25.66,0,80-100,40-60,80-100,1,2,0,0,3,0,1,0
10000059,50,2023-01-14,Sub-13,12.9,171.5,20.7056583566371,60.9,24.5749056031956,14.9661175123461,8.04425733572151,43.4903006033449,26.4855930674371,3.29248455911829,49.5,"Mantener MM, disminuir 9.4 puntos en la S6P.",90.0,37.0,27.5,20.0,27.9,7.3,10.1,54.3,24.9,25.8,23.5,84.7,73.0,93.1,54.2,51.4,33.6,9.2,7.9,9.0,8.4,8.9,6.1,2023-10-19 19:58:19.247,1,18.63,0,60-80,20-40,40-60,1,4,0,0,3,0,1,0
10000064,68,2023-01-13,Sub-14,13.9,172.4,17.5628899499895,52.2,27.251949467216,14.2255176218867,7.66442038251418,39.9248667176816,20.8407804266298,2.71915936059256,38.4,"Aumentar 2.2 kg de MM, disminuir 18 en la S6P.",94.0,38.5,26.7,16.9,25.2,6.8,9.7,53.4,22.1,23.8,22.0,78.2,63.5,82.5,47.2,46.1,32.0,7.0,6.7,7.5,5.7,5.9,5.6,2023-10-19 19:58:19.247,1,15.87,0,20-40,0-20,0-20,0,4,0,0,3,3,3,2
10000065,645,2023-10-05,Sub-15,15.4,172.1,2.9618,60.2,23.66,14.245,5.521,54.92,33.061,5.9882,38.4,,129.0,29.8,29.0,17.8,26.2,6.6,9.7,54.2,26.1,28.0,24.6,90.5,70.7,87.5,52.2,49.4,35.5,6.2,6.4,4.6,7.4,8.8,5.0,2023-12-05 00:34:20.303,1,11.52,0,20-40,80-100,0-20,0,5,0,0,3,1,0,5
10000069,69,2023-01-13,Sub-14,14.0,165.0,22.3691460055096,60.9,24.7030254309012,15.0441424874189,8.2002919589346,44.398286260259,27.0385563324977,3.29726752021773,56.9,"Mantener MM, disminuir 9.2 puntos en la S6P.",92.3,38.5,28.0,17.8,25.8,6.8,10.1,56.5,27.7,28.9,24.1,83.2,71.2,90.8,52.2,51.4,34.6,7.9,9.1,10.2,12.1,9.9,7.7,2023-10-19 19:58:19.247,1,13.9,0,60-80,40-60,80-100,1,2,1,4,0,3,3,2
10000077,70,2023-01-13,Sub-14,13.8,172.8,19.3571030521262,57.8,26.1663820772133,15.1241688406293,8.32413350668168,49.6781057488615,28.7139451228419,3.44948157063959,39.4,,134.3,38.7,26.5,19.2,27.0,6.7,8.9,55.4,25.6,27.8,23.5,83.0,71.5,87.1,51.1,50.2,33.0,6.6,7.5,8.1,7.3,5.9,4.0,2023-10-19 19:58:19.247,1,17.42,0,60-80,60-80,0-20,0,4,0,3,3,3,3,2
10000080,650,2023-10-05,Sub-15,14.9,168.4,2.8359,62.6,20.44,12.794,8.256,53.84,33.706,4.0826,36.0,,128.7,37.6,27.5,19.6,25.4,7.3,10.0,55.7,26.5,28.4,25.4,89.7,71.9,91.3,54.4,52.3,35.2,6.8,6.0,5.0,7.8,6.8,3.6,2023-12-05 00:34:20.303,1,11.96,0,0-20,80-100,0-20,0,5,1,0,0,3,0,5
10000084,71,2023-01-13,Sub-14,13.4,180.8,19.7622170882606,64.6,28.1501792402594,18.1850157892076,9.03756203788481,40.7463941292112,26.3221706074705,2.91253000500907,52.1,"Mantener MM, disminuir 6.6 puntos en la S6P.",96.3,40.1,27.4,17.4,27.1,7.1,10.1,58.0,24.0,24.9,23.2,82.2,72.1,87.6,53.4,52.0,36.0,7.5,8.3,10.2,13.1,7.4,5.6,2023-10-19 19:58:19.247,1,18.08,0,80-100,20-40,60-80,0,4,3,1,1,0,3,2
10000089,72,2023-01-13,Sub-14,13.7,167.3,24.3664630292515,68.2,21.8414682662312,14.8958813575697,7.57046483113076,49.1352119687763,33.5102145627054,4.42644082103214,54.7,"Mantener MM, disminuir 7 puntos en la S6P.",95.2,26.5,31.5,19.0,36.6,6.6,10.4,55.1,27.3,28.7,25.5,93.0,74.0,93.4,56.6,55.5,37.6,7.9,8.7,9.6,10.0,10.8,7.7,2023-10-19 19:58:19.247,1,12.34,0,60-80,80-100,60-80,1,2,1,0,0,3,3,2
10000090,73,2023-01-13,Sub-14,13.2,169.1,16.1567781006413,46.2,29.8591625088362,13.7949330790823,5.51352826470322,39.1901001529777,18.1058262706757,3.28389107689652,42.4,"Aumentar 4.4 kg de MM, dimisminuir 0.6 puntos en la S6P.",87.0,33.7,26.0,17.3,24.3,6.5,9.1,53.2,21.9,22.6,21.2,76.9,62.2,78.5,45.9,43.4,30.4,7.5,6.7,8.4,6.8,7.4,5.6,2023-10-19 19:58:19.247,1,19.83,0,20-40,0-20,20-40,1,2,1,0,0,0,1,0
10000091,74,2023-01-13,Sub-14,13.8,172.7,21.7935852425911,65.0,23.5434145393425,15.3032194505726,8.1785864033982,45.5009537611467,29.5756199447454,3.6162263850947,48.8,"Mantener MM, mantener la S6P.",96.0,37.4,28.0,18.7,27.5,7.2,10.0,55.6,26.3,27.5,24.1,87.2,74.6,91.5,53.1,50.2,36.6,7.5,7.5,9.6,7.8,10.8,5.6,2023-10-19 19:58:19.247,1,12.27,0,60-80,60-80,40-60,0,4,0,3,3,3,3,2
10000092,75,2023-01-13,Sub-14,13.8,174.8,21.9930983562777,67.2,26.429643144378,17.760720193022,8.231135454626,44.4319524244127,29.8582720292053,3.62747912408908,64.2,"Mantener MM, disminuir 15.8 puntos en la S6P.",92.7,37.5,29.8,19.0,27.5,7.1,11.1,55.1,25.6,26.2,23.2,93.0,74.2,95.5,57.0,52.4,35.0,9.2,7.9,9.6,15.3,11.3,10.9,2023-10-19 19:58:19.247,1,15.9,0,80-100,80-100,80-100,0,4,0,3,3,3,3,2
10000094,939,2024-01-18,Sub-14,13.8,165.5,2.739,52.0,23.31,12.12,6.739,45.03,23.415,3.4746,41.6,,88.3,36.1,26.7,17.4,25.5,6.7,9.1,56.8,25.4,28.3,23.5,82.7,70.6,83.4,48.5,45.7,31.5,6.6,6.0,6.2,11.4,7.2,4.2,2024-01-27 20:03:20.700,1,14.36,0,0-20,20-40,20-40,1,2,1,4,0,3,3,2
10000096,76,2023-01-13,Sub-14,14.0,170.3,19.0331110619959,55.2,26.0039042650093,14.3541551542852,8.09020431458023,42.8311019047105,23.6427682514002,2.92239445780015,44.9,"Aumentar 2.9 kg de MM, dimisminuir 2.4 puntos en la S6P.",93.7,36.6,27.1,16.3,27.7,7.4,10.0,53.7,24.2,25.4,23.0,79.2,64.3,86.4,51.0,48.1,33.5,7.5,6.7,8.4,7.8,8.4,6.1,2023-10-19 19:58:19.247,1,14.52,0,40-60,20-40,20-40,0,4,0,0,0,3,3,2
10000098,97,2023-01-12,Sub-15,14.8,174.4,23.3105904385153,70.9,22.4048892929195,15.8850665086799,8.77480234044797,47.1490426683081,33.4286712518304,3.80962099826899,49.2,"Mantener  MM, mantener S6P.",94.7,38.6,29.1,19.1,28.0,7.2,10.3,55.2,28.1,29.5,25.1,88.5,76.7,92.7,56.5,54.8,37.3,8.8,8.3,8.4,10.0,3.9,9.8,2023-10-19 19:58:19.247,1,,0,60-80,80-100,40-60,0,4,0,3,3,3,0,5
10000100,52,2023-01-14,Sub-13,12.8,165.0,17.3370064279155,47.2,28.3361674907543,13.374671055636,6.72670867968133,37.4717625359318,17.6866719169598,2.62932033468078,44.0,"Aumentar 2.7 kg de MM, disminuir 4.4 en la S6P.",89.4,33.6,26.1,15.5,25.9,6.7,9.8,54.0,20.2,21.0,20.2,76.6,68.0,81.8,45.9,30.2,30.5,7.5,6.7,8.4,8.9,7.4,5.1,2023-10-19 19:58:19.247,1,17.68,0,20-40,0-20,20-40,1,2,1,4,0,0,1,0
10000104,98,2023-01-12,Sub-15,14.9,163.1,23.3820434176728,62.2,21.5656621979556,13.4138418871284,8.11224571376611,47.128343806345,29.3138298475466,3.61352834737271,56.0,"Aumentar 2.4 kg de MM, disminuir 19.4 en la S6P.",90.3,38.9,28.7,20.9,27.5,7.4,10.2,54.1,28.1,29.3,25.0,91.6,76.4,94.5,53.5,51.5,35.7,8.8,8.3,10.2,12.1,8.9,7.7,2023-10-19 19:58:19.247,1,12.38,0,20-40,60-80,60-80,1,2,1,4,2,3,0,5
10000116,96,2023-01-12,Sub-15,14.2,176.0,19.8863636363636,61.6,24.1204322137449,14.8581862436669,7.71025511637096,45.6922523788272,28.1464274653575,3.65051830847919,43.6,"Aumentar 1.2 kg de MM, mantener S6P.",90.1,37.5,27.9,19.3,26.5,7.3,9.7,56.5,27.1,30.0,24.7,85.5,69.7,88.4,52.5,50.4,34.1,7.0,8.7,8.1,7.8,6.9,5.1,2023-10-19 19:58:19.247,1,13.48,0,40-60,40-60,20-40,0,4,0,3,3,3,3,2
10000117,100,2023-01-12,Sub-15,14.6,163.1,21.3520910952382,56.8,23.0852143223144,13.1124017350746,7.65648874035439,45.5693188221531,25.8833730909829,3.38058005029926,47.5,"Aumentar 4.9 kg de MM, disminuir 6.6 en la S6P.",88.1,37.0,25.9,19.1,25.5,7.0,9.8,55.8,25.2,26.2,23.8,81.2,69.4,88.6,52.5,49.0,34.5,7.9,7.5,8.7,9.4,7.9,6.1,2023-10-19 19:58:19.247,1,13.5,0,0-20,20-40,40-60,1,2,1,4,2,3,0,5
10000120,84,2023-01-13,Sub-14,13.8,168.4,23.2733961103808,66.0,25.9401837244687,17.1205212581494,8.45244636472337,43.6489527435356,28.8083088107335,3.40828058146173,65.2,"Mantener MM, disminuir 15.8 puntos en la S6P.",94.5,39.7,28.0,19.6,27.7,6.8,9.8,54.5,27.7,28.8,24.0,86.0,75.6,96.6,55.1,53.2,34.3,9.2,9.1,11.9,17.4,9.9,7.7,2023-10-19 19:58:19.247,1,12.64,0,80-100,60-80,80-100,1,2,1,0,0,3,3,2
10000122,79,2023-01-13,Sub-14,13.8,164.2,21.7716726430588,58.7,25.0433803029995,14.7004642378607,7.56841472011437,44.792015189528,26.2929129162529,3.4740317343307,58.2,"Aumentar 0.7 kg de MM, dimisminuir 6.6 puntos en la S6P.",92.8,37.0,27.4,17.7,26.7,6.9,10.2,53.4,26.2,26.8,23.1,84.0,70.5,89.5,54.9,53.0,34.7,10.5,9.1,9.6,10.0,10.8,8.2,2023-10-19 19:58:19.247,1,12.82,0,40-60,20-40,80-100,1,2,1,4,2,3,3,2
10000124,80,2023-01-13,Sub-14,13.9,173.1,21.2257468309059,63.6,21.4514221767353,13.6431045044037,8.59839741785562,46.2631161394734,29.4233418647051,3.42195649198581,38.8,"Mantener MM, disminuir 1.6 puntos en la S6P.",92.0,37.5,28.2,17.9,28.7,7.4,10.1,54.7,26.7,28.2,25.0,84.6,74.4,90.8,53.0,52.0,35.5,5.3,6.7,8.1,5.2,7.9,5.6,2023-10-19 19:58:19.247,1,12.56,0,20-40,60-80,0-20,0,4,0,3,3,3,3,2
10000133,82,2023-01-13,Sub-14,13.8,164.4,23.7167078101598,64.1,25.6477407154385,16.4402017985961,8.05686108285547,44.0735820528347,28.251166095867,3.50647303029512,69.9,"Mantener MM, disminuir 23.8 puntos en la S6P.",92.4,38.2,28.4,19.1,26.8,6.9,10.3,55.1,27.6,28.2,23.5,87.1,75.1,92.7,56.0,54.4,37.2,13.1,12.8,11.3,12.1,10.8,9.8,2023-10-19 19:58:19.247,1,16.9,0,80-100,60-80,80-100,1,2,1,4,0,3,3,2
10000137,34,2023-01-10,Sub-17,15.1,166.7,21.6633337999467,60.2,21.6882556198636,13.0563298831579,7.92069748174326,45.9070849657661,27.6360651493912,3.48909489512643,43.6,"Aumentar 4.1 kg de MM, mantener S6P.",88.6,38.9,28.5,17.6,27.1,6.9,9.5,53.9,27.6,30.0,24.5,87.6,75.9,90.6,50.4,47.5,31.5,7.0,8.3,8.4,8.4,6.9,4.6,2023-10-19 19:58:19.247,1,,0,0-20,40-60,20-40,1,5,1,0,0,3,0,5
10000139,103,2023-01-12,Sub-15,14.4,168.4,21.6160482055506,61.3,22.8706562148719,14.0197122597164,7.78557150129972,46.7530531835309,28.6596216015045,3.68111982488634,45.7,"Mantener MM, mantener la S6P.",88.2,38.4,26.4,19.1,26.5,6.8,9.3,55.3,27.6,29.5,23.9,83.3,70.5,89.9,53.3,50.5,35.6,7.0,8.3,8.1,7.8,9.4,5.1,2023-10-19 19:58:19.247,1,13.18,0,20-40,60-80,20-40,1,2,1,0,0,3,3,5
10000140,104,2023-01-12,Sub-15,14.7,163.6,21.8569353363502,58.5,21.1802793335488,12.3904634101261,8.02886159868481,45.8457276364419,26.8197506673185,3.34041760935471,44.1,"Aumentar 2.8 kg de MM, mantener S6P.",91.1,37.6,27.6,18.0,27.5,6.3,10.2,56.4,25.9,27.8,23.9,82.7,75.5,88.0,53.0,50.0,34.9,6.6,7.1,9.0,8.4,6.9,6.1,2023-10-19 19:58:19.247,1,13.22,0,0-20,40-60,20-40,1,2,1,4,2,3,0,5
10000142,105,2023-01-12,Sub-15,14.5,176.0,20.9194214876033,64.8,26.2499584736149,17.0099730909025,7.97178572540819,44.2999138413981,28.7063441692259,3.60099294662816,61.4,"Aumentar 2 kg de MM, disminuir 12.4 puntos en la  S6P.",98.2,37.0,27.8,20.6,28.1,7.6,10.4,56.0,27.3,28.7,26.0,87.0,75.4,95.5,55.1,53.0,36.7,7.0,7.5,10.5,15.3,11.8,9.3,2023-10-19 19:58:19.247,1,15.76,0,80-100,60-80,80-100,0,4,0,3,3,3,3,5
10000150,59,2023-01-14,Sub-13,12.9,166.7,18.7125142458011,52.0,22.7471995524221,11.8285437672595,7.55860070185091,44.5492577905696,23.1656140510962,3.06480193422885,32.1,"Mantener MM, mantener la S6P.",88.7,37.5,25.7,18.0,24.2,6.7,9.7,56.0,22.0,23.3,22.7,78.2,63.0,80.5,48.6,46.0,33.0,4.4,6.7,7.5,4.6,4.9,4.0,2023-10-19 19:58:19.247,1,12.29,0,0-20,20-40,0-20,1,2,1,0,0,0,1,0
10000154,458,2023-07-11,Sub-13,13.5,174.5,18.8175794944212,57.3,25.8,14.785,7.934,41.64,23.858,3.0071,43.3,"Mantener MM, disminuir 5.3 puntos en la S6P.",91.5,38.5,26.7,17.2,27.7,6.0,10.1,55.7,24.2,26.6,22.7,83.7,71.0,86.0,49.0,47.5,33.9,6.0,6.4,4.7,7.8,9.4,9.0,2023-10-19 19:58:19.247,1,15.59,0,40-60,20-40,20-40,0,4,0,3,3,0,3,2
10000157,915,2024-01-22,Sub-13,13.0,175.8,3.0906,68.4,19.22,13.147,9.325,49.32,33.733,3.6175,35.4,,89.9,40.3,27.8,19.7,27.7,7.5,10.4,57.5,28.6,30.3,26.9,87.9,75.3,92.7,55.1,53.7,38.2,6.0,7.0,5.4,6.0,7.0,4.0,2024-01-27 20:03:20.700,1,10.87,0,0-20,80-100,0-20,0,4,0,3,3,0,1,0
10000158,106,2023-01-12,Sub-15,14.8,174.9,22.0987178493894,67.6,23.5717696779842,15.9345163023173,8.97420382540256,46.9521905040528,31.7396807807397,3.53676843074331,50.6,"Mantener MM, disminuir 1 puntos en la S6P.",92.6,38.5,26.0,18.7,29.3,7.4,10.0,56.1,29.2,30.7,25.0,85.5,72.2,94.0,56.5,53.0,37.5,8.3,7.9,8.4,9.4,8.4,8.2,2023-10-19 19:58:19.247,1,14.68,0,60-80,80-100,60-80,0,4,0,3,3,3,0,5
10000161,251,2023-03-09,Sub-15,15.1,172.0,22.5121687398594,66.6,22.7254674748824,15.1351613382717,8.4749242641573,48.546105290165,32.3317061232499,3.81498466717741,50.0,"Mantener  MM, mantener S6P.",93.2,39.5,26.5,18.6,27.0,7.0,9.5,58.3,29.2,30.7,24.5,87.0,71.3,93.2,56.0,54.5,39.2,10.3,9.5,5.3,10.7,9.2,5.0,2023-10-19 19:58:19.247,1,12.63,0,60-80,80-100,60-80,0,4,0,0,3,3,0,5
10000162,108,2023-01-12,Sub-15,15.0,169.0,23.8787157312419,68.2,21.5057680186255,14.6669337887026,8.12764438154144,49.4735928732321,33.7409903395443,4.15138615269301,52.8,"Mantener MM, disminuir 5.4 puntos en la S6P.",96.7,39.5,30.5,19.5,27.4,6.7,9.8,55.5,27.5,29.6,25.5,93.2,72.3,94.4,56.5,55.0,39.5,8.8,9.9,7.8,8.9,11.8,5.6,2023-10-19 19:58:19.247,1,12.6,0,40-60,80-100,60-80,0,5,1,0,0,3,0,5
10000174,86,2023-01-13,Sub-14,13.7,173.7,20.8805008933871,63.0,24.7943196177382,15.6204213591751,8.63035386708524,44.2932184407724,27.9047276176866,3.23332369071339,51.0,"Mantener MM, disminuir 8.4 puntos en la S6P.",94.6,39.5,28.5,17.4,27.5,7.3,10.0,55.8,26.5,27.5,23.7,84.0,71.5,87.5,54.9,52.7,36.1,7.9,9.1,9.0,8.9,8.9,7.2,2023-10-19 19:58:19.247,1,14.94,0,60-80,40-60,60-80,0,4,0,3,3,3,3,2
10000185,77,2023-01-13,Sub-14,13.9,171.0,20.1429499675114,58.9,24.3983012383718,14.370599429401,8.15983443139184,43.5996642817918,25.6802022619754,3.14714746700995,48.2,"Aumentar 3.9 kg de MM, mantener S6P.",91.0,39.2,28.0,18.7,28.0,7.2,10.1,52.0,25.0,26.3,24.0,85.1,72.5,89.7,52.3,47.6,32.0,6.6,8.3,8.7,12.6,5.9,6.1,2023-10-19 19:58:19.247,1,,0,40-60,20-40,40-60,0,4,0,0,3,3,3,2
10000189,95,2023-01-12,Sub-15,14.4,173.4,22.5824775937921,67.9,23.7385258688453,16.1184590649459,8.97930206044573,45.71248923002,31.0387801871836,3.45670297961252,53.6,,93.3,38.3,27.8,19.5,27.1,7.8,10.5,57.2,28.5,28.5,25.1,87.7,74.0,95.1,54.6,50.5,37.2,9.6,7.5,8.4,9.4,9.4,9.3,2023-10-19 19:58:19.247,1,,0,80-100,80-100,60-80,0,4,0,3,3,3,3,5
10000197,58,2023-01-14,Sub-13,12.8,165.0,23.2506887052342,63.3,27.4127594417998,17.3522767266593,7.96458915326726,43.1373110237792,27.3059178780522,3.42841512005057,78.0,"Aumentar 1.4 kg de MM, dimisminuir 31.6 puntos en la S6P.",87.8,38.3,27.8,20.8,27.7,6.9,10.2,54.8,28.0,28.9,25.2,86.8,74.3,90.5,54.5,52.0,36.6,12.7,11.5,13.7,17.4,11.8,10.9,2023-10-19 19:58:19.247,1,,0,80-100,40-60,80-100,1,2,1,4,0,0,1,0
10000199,83,2023-01-13,Sub-14,13.6,167.8,25.1093517596435,70.7,23.0947302300411,16.3279742726391,8.73453912955305,47.5061361928613,33.5868382883529,3.84529026548326,65.1,"Mantener MM, disminuir 15.4 puntos en la S6P.",92.7,38.8,28.2,20.5,28.5,7.1,10.5,55.5,29.5,30.4,26.1,91.0,78.2,97.0,59.4,55.8,36.7,8.8,9.5,12.8,15.8,8.9,9.3,2023-10-19 19:58:19.247,1,,0,80-100,80-100,80-100,1,2,1,0,0,3,3,2
10000201,62,2023-01-13,Sub-14,13.7,169.3,21.0379489011597,60.3,28.7141638333922,17.3146407915355,7.06673312325032,42.0502414168496,25.3562955743603,3.58812129057702,67.7,,91.5,35.5,27.0,18.1,26.7,6.7,10.3,54.1,26.2,25.9,23.4,83.7,73.4,90.9,55.1,51.5,33.7,11.8,8.7,12.5,13.1,11.3,10.3,2023-10-19 19:58:19.247,1,,0,80-100,20-40,80-100,1,2,1,0,0,3,3,2
10000205,66,2023-01-13,Sub-14,13.9,165.5,19.6055165615502,53.7,24.5169647476118,13.1656100694676,7.76324021027504,43.1071317872389,23.1485297697473,2.98181289548519,44.9,,87.8,38.3,26.1,17.5,26.4,6.9,9.6,54.0,25.0,26.0,22.5,80.0,67.5,85.1,49.3,47.3,33.0,5.7,9.1,8.7,7.8,6.9,6.7,2023-10-19 19:58:19.247,1,,0,20-40,0-20,20-40,1,2,1,4,0,3,3,2
10000212,57,2023-01-14,Sub-13,12.3,166.8,19.552703161212,54.4,29.4902780457489,16.0427112568874,7.28067113224546,39.8024184477393,21.6525156355702,2.97397248718913,63.6,"Mantener MM, disminuir 18.6 puntos en la S6P.",90.7,35.8,27.0,18.3,26.2,6.6,10.4,55.6,24.1,25.1,22.5,83.0,67.8,83.9,50.6,47.1,31.9,9.6,7.9,9.3,12.6,12.3,11.9,2023-10-19 19:58:19.247,1,,0,60-80,0-20,80-100,1,2,1,0,0,0,1,0
10000220,102,2023-01-12,Sub-15,14.5,175.8,20.3522722713395,62.9,22.8994358938347,14.403745177222,8.55415377292076,46.0140082073624,28.942811162431,3.38348034542622,47.8,,97.1,39.9,31.2,18.5,28.7,7.2,10.3,56.5,28.0,30.0,24.2,92.0,72.2,90.1,53.4,49.7,34.9,7.5,7.5,8.4,7.8,8.4,8.2,2023-10-19 19:58:19.247,1,,0,40-60,60-80,40-60,0,4,0,3,3,3,3,5
10000232,921,2024-01-22,Sub-13,12.9,168.1,2.8258,57.7,25.59,14.763,6.482,46.34,26.74,4.1253,57.3,,88.5,36.2,27.2,17.8,27.4,6.2,9.6,53.0,26.5,26.8,23.5,84.7,71.0,87.5,55.0,51.5,35.5,10.0,7.4,10.2,14.4,8.1,7.2,2024-01-27 20:03:20.700,1,16.49,0,40-60,40-60,80-100,1,2,1,0,0,0,1,0
10000257,971,2024-01-23,Sub-15,14.2,176.4,3.1117,61.7,22.43,13.838,8.418,47.51,29.313,3.4822,38.6,,94.3,39.2,27.3,17.2,27.7,7.3,9.8,56.3,26.5,29.1,24.6,86.2,68.6,89.8,54.3,51.8,34.8,6.2,6.4,6.4,8.0,6.4,5.2,2024-01-27 20:03:20.700,1,13.57,0,20-40,60-80,0-20,0,4,0,3,3,3,3,2
10000259,968,2023-08-29,Sub-15,14.0,178.4,3.1827,65.1,21.68,14.111,8.367,47.78,31.108,3.7179,35.6,,92.8,39.8,28.2,18.7,27.0,6.9,10.1,55.1,26.6,29.1,24.4,88.4,70.2,80.8,52.2,51.0,37.0,7.0,5.4,5.0,6.0,8.2,4.0,2024-01-27 20:03:20.700,1,12.92,0,20-40,80-100,0-20,0,4,0,3,1,3,3,2
10000269,944,2024-01-18,Sub-14,13.6,171.2,2.9309,52.3,25.15,13.153,6.428,44.1,23.063,3.5879,35.8,,87.0,35.3,25.7,15.7,25.5,6.8,9.5,52.0,23.6,24.6,22.7,80.0,66.7,83.5,49.0,47.0,31.7,5.4,6.0,5.4,7.0,8.0,4.0,2024-01-27 20:03:20.700,1,16.07,0,0-20,0-20,0-20,0,4,0,0,3,3,3,2
10000277,902,2024-01-22,Sub-13,13.0,168.6,2.8426,55.7,24.47,13.628,8.057,43.28,24.109,2.9923,45.4,,88.0,37.8,27.0,15.3,28.0,6.7,10.4,53.4,23.7,24.4,22.4,82.5,70.5,88.0,51.5,46.8,34.2,5.8,7.2,6.0,9.0,10.0,7.4,2024-01-27 20:03:20.700,1,15.43,0,20-40,20-40,20-40,1,2,1,0,0,0,1,0
10000279,960,2023-06-07,Sub-15,13.9,172.0,2.9584,65.3,24.02,15.686,8.469,45.65,29.81,3.5199,45.7,,80.0,40.2,27.1,16.1,25.9,7.0,9.2,54.8,24.3,27.5,23.1,86.0,72.4,89.9,53.5,52.0,35.0,8.4,7.4,7.0,10.5,2.0,10.4,2024-01-27 20:03:20.700,1,15.01,0,60-80,60-80,20-40,0,4,0,0,3,3,3,2
10000281,905,2024-01-24,Sub-13,13.0,172.4,2.9722,62.0,23.68,14.68,8.41,45.29,28.082,3.3391,49.8,,89.4,38.3,28.4,18.3,28.4,7.1,10.5,55.2,24.8,26.0,23.2,87.8,73.2,91.3,54.8,53.0,35.8,7.8,7.8,8.0,12.6,8.2,5.4,2024-01-27 20:03:20.700,1,14.7,0,40-60,40-60,60-80,0,4,0,0,3,0,1,0
10000282,906,2024-01-24,Sub-13,12.8,163.1,2.6602,53.1,28.11,14.925,7.032,42.32,22.472,3.1957,64.2,,83.4,37.3,26.2,16.9,24.7,6.7,10.3,54.3,24.0,25.2,23.0,80.3,66.8,87.0,53.7,49.9,34.2,10.0,6.8,9.6,13.6,15.6,8.6,2024-01-27 20:03:20.700,1,18.99,0,60-80,0-20,80-100,1,2,1,4,2,0,1,0
10000285,909,2024-01-24,Sub-13,12.6,166.8,2.7822,54.7,26.05,14.247,8.283,41.22,22.546,2.722,49.6,,99.2,36.2,25.3,17.1,28.3,7.2,10.3,54.6,23.5,25.6,23.1,81.0,70.7,87.2,48.2,47.1,33.3,6.4,6.4,7.0,11.6,9.2,9.0,2024-01-27 20:03:20.700,1,16.93,0,40-60,0-20,60-80,1,2,1,0,0,0,1,0
10000286,910,2024-01-24,Sub-13,12.8,164.6,2.7093,48.9,22.54,11.023,7.327,44.13,21.579,2.9451,33.0,,86.5,35.7,25.3,16.8,26.8,6.5,9.7,55.9,22.5,24.3,21.7,81.1,64.7,81.0,46.4,45.9,32.2,6.2,5.0,5.0,5.4,5.8,5.6,2024-01-27 20:03:20.700,1,13.67,0,0-20,0-20,0-20,1,2,1,4,0,0,1,0
10000288,912,2024-01-24,Sub-13,12.4,174.8,3.0555,69.0,32.55,22.462,7.987,40.46,27.915,3.4951,96.6,,88.3,39.0,28.2,19.4,27.3,7.4,10.5,54.5,27.6,29.1,25.0,93.1,77.3,95.7,55.9,53.0,35.6,12.0,16.4,13.6,27.4,14.8,12.4,2024-01-27 20:03:20.700,1,23.78,0,80-100,40-60,80-100,0,4,0,3,3,0,1,0
10000291,918,2024-01-24,Sub-13,12.6,167.6,2.809,54.4,25.73,13.995,7.272,42.75,23.258,3.1983,47.8,,87.8,36.0,26.5,17.3,25.9,7.1,9.7,55.2,23.8,27.2,23.7,79.5,68.7,86.0,49.6,48.0,34.7,7.4,6.6,7.6,9.8,10.2,6.2,2024-01-27 20:03:20.700,1,16.62,0,20-40,20-40,40-60,1,2,1,0,0,0,1,0
10000293,920,2024-01-24,Sub-13,13.0,167.5,2.8056,51.8,26.3,13.623,6.88,43.14,22.348,3.2483,50.0,,90.8,35.6,25.3,19.5,28.5,6.4,9.7,53.4,23.8,25.7,22.5,83.2,65.5,85.0,50.3,43.9,33.5,8.8,7.4,6.4,9.0,11.0,7.4,2024-01-27 20:03:20.700,1,17.18,0,20-40,0-20,60-80,1,2,1,0,0,0,1,0
10000295,923,2024-01-24,Sub-13,13.0,169.8,2.8832,50.5,24.38,12.312,7.685,41.79,21.104,2.7461,35.1,,89.2,39.5,27.7,16.6,25.8,6.7,9.7,53.5,23.2,25.6,21.5,80.5,65.0,82.0,46.0,41.5,32.0,5.0,6.0,6.2,7.6,6.2,4.1,2024-01-27 20:03:20.700,1,15.34,0,0-20,0-20,0-20,1,2,1,0,0,0,1,0
10000297,925,2024-01-22,Sub-13,13.0,163.6,2.6765,55.8,21.51,12.0,7.391,47.2,26.34,3.5638,46.0,,89.2,37.5,26.7,17.2,26.2,6.8,10.0,56.2,26.2,26.2,23.2,84.7,74.5,87.3,55.6,52.6,33.4,6.4,6.0,8.6,11.0,8.4,5.6,2024-01-27 20:03:20.700,1,12.77,0,0-20,20-40,40-60,1,2,1,4,2,0,1,0
10000000,256,2023-03-09,Sub-15,15.1,178.0,20.7675798510289,65.8,29.9220270665083,19.6886938097624,7.97135370736471,41.2571023589003,27.1471733521564,3.40559136487385,70.1,"Aumentar 2.2 kg de MM, disminuir 18 en la S6P.",94.0,37.0,28.4,18.6,29.4,7.2,9.6,56.7,27.0,28.7,25.0,86.7,75.3,94.5,54.0,52.3,34.7,9.4,11.1,10.4,20.2,10.2,8.8,2023-10-19 19:58:19.247,1,,1,80-100,0-20,80-100,0,4,0,3,1,3,0,5
10000014,840,2023-01-07,Reserva,17.3,179.9,3.2364,75.0,20.78,15.583,10.27,53.14,39.858,3.881,36.5,,134.3,41.5,30.4,17.9,27.9,7.0,10.4,57.5,29.0,31.1,25.7,92.1,76.2,95.5,57.2,53.0,37.6,5.0,7.0,6.0,8.0,7.5,3.0,2024-01-27 20:03:20.700,6,12.15,1,0-20,80-100,0-20,4,0,3,3,1,2,2,1
10000016,89,2023-01-12,Sub-15,14.7,186.0,19.4820210428951,67.4,25.6288164461292,17.2738222846911,17.3867203682888,34.2308770908366,23.0716111592239,1.32696740216192,53.7,"Aumentar 5 kg de MM, disminuir 4.4 en la S6P.",101.3,40.2,29.3,15.1,27.7,24.5,10.2,56.4,25.8,27.5,24.7,84.0,71.8,90.0,53.4,49.7,34.5,8.3,9.1,9.3,9.4,9.9,7.7,2023-10-19 19:58:19.247,1,17.77,1,20-40,0-20,60-80,4,0,3,1,5,3,0,5
10000037,3,2023-01-11,Sub-16,15.9,181.6,19.4065477692173,64.0,23.1764712657662,14.8329416100904,9.82569939825056,43.5261297306539,27.8567230276185,2.83508805821785,37.6,"Aumentar 4 kg de MM, mantener S6P.",91.4,42.4,30.1,17.5,29.1,7.1,10.0,57.8,26.0,27.9,24.7,88.2,71.2,92.1,51.1,45.8,33.1,5.7,7.9,7.8,5.7,5.9,4.6,2023-10-19 19:58:19.247,1,,1,0-20,0-20,0-20,4,0,3,1,1,1,4,4
10000039,91,2023-01-12,Sub-15,14.6,178.6,20.2207288491176,64.5,26.8787286093806,17.3367799530505,8.68911892528018,41.1080064735467,26.5146641754376,3.0514790283622,49.6,"Aumentar 3.2 kg de MM, mantener la S6P.",93.2,38.9,27.4,19.8,30.3,6.0,10.0,54.9,25.4,27.3,23.2,84.3,73.0,90.2,51.5,47.5,34.0,7.9,7.1,8.4,11.6,7.4,7.2,2023-10-19 19:58:19.247,1,16.58,1,40-60,0-20,40-60,0,4,0,3,1,3,0,5
10000043,116,2023-01-09,Sub-17,17.0,183.9,22.4132970580921,75.8,25.5757273033092,19.3864012959084,9.77048623087513,44.9199771317105,34.0493426658365,3.4849179315395,55.2,Reducir 2.6 kg de masa adiposa y aumentar 1 kg de masa muscular / NO APTO ,91.2,40.5,29.5,18.2,30.5,6.9,10.2,57.0,27.0,29.5,26.0,90.2,74.6,99.4,57.6,54.1,37.7,7.5,9.5,9.6,9.4,9.9,9.3,2023-10-19 19:58:19.247,1,,1,60-80,40-60,60-80,4,0,3,1,1,1,4,1
10000057,239,2023-03-04,Sub-17,17.1,179.6,21.3292592794679,68.8,29.3783535966097,20.2123072744674,8.62834358850688,43.078027490854,29.6376829137076,3.43492150140909,68.0,"Aumentar 5.2 kg de MM, disminuir 24.8 puntos en la S6P.",99.6,40.8,24.4,16.5,28.0,6.9,9.8,55.9,26.2,27.8,23.9,90.4,76.1,96.8,55.9,50.7,36.1,10.8,10.3,8.9,17.0,11.2,9.8,2023-10-19 19:58:19.247,1,,1,80-100,20-40,80-100,4,0,3,3,1,2,4,1
10000060,124,2023-01-09,Sub-18,16.8,182.5,24.3197598048414,81.0,20.3887220438827,16.5148648555449,10.125411682467,48.7573515928448,39.4934547902043,3.90042953597535,44.8,"Mantener MM, mantener la S6P.",96.4,42.8,30.8,20.6,30.8,7.2,10.0,54.7,31.0,33.5,27.0,97.0,81.6,98.6,57.0,56.4,38.0,7.0,8.7,8.4,6.2,8.9,5.6,2023-10-19 19:58:19.247,1,10.66,1,20-40,80-100,20-40,4,0,3,1,1,1,4,1
10000063,25,2023-01-10,Sub-17,15.4,183.4,22.8329779554733,76.8,26.0577007308494,20.0123141612924,8.70556461571488,45.6538826614121,35.0621818839645,4.02755977718801,63.4,"Mantener MM, disminuir 9.4 puntos en la S6P.",99.8,39.7,32.3,19.2,28.7,7.0,10.1,57.9,30.0,31.3,25.6,96.3,77.2,94.6,56.0,54.0,36.1,10.1,11.1,11.3,15.8,8.4,6.7,2023-10-19 19:58:19.247,1,,1,80-100,60-80,80-100,4,0,3,1,1,1,0,5
10000076,7,2023-01-11,Sub-16,15.7,175.4,18.4299382808346,56.7,24.1441323408992,13.6897230372898,7.96131684262945,38.2992532258143,21.7156765790367,2.72764883100224,39.3,"Aumentar 4.1 kg de MM, mantener S6P.",97.3,38.5,26.3,37.2,28.1,7.1,9.8,54.3,23.7,25.3,23.0,80.6,66.7,87.6,50.0,47.9,31.7,6.6,6.7,7.8,6.2,6.4,5.6,2023-10-19 19:58:19.247,1,12.75,1,0-20,0-20,0-20,0,5,0,3,3,1,0,4
10000083,29,2023-01-10,Sub-17,16.4,178.5,20.8397084323926,66.4,27.0451265170728,17.9579640073364,8.16424809450992,44.240889642884,29.375950722875,3.59812078011556,60.0,"Aumentar 1.7 kg de MM, disminuir 13.6 en la S6P.",98.1,40.2,28.7,21.2,28.0,7.0,9.9,54.0,28.1,29.6,24.5,92.0,69.6,93.7,52.5,49.7,34.9,8.8,9.1,10.5,12.1,11.3,8.2,2023-10-19 19:58:19.247,1,,1,40-60,20-40,80-100,4,0,0,3,1,1,4,4
10000085,121,2023-01-09,Sub-18,17.9,179.6,21.7322830739927,70.1,23.2528068115416,16.3002175748907,7.87124164463782,45.0657908549719,31.5911193893353,4.01348615829325,44.1,Aumentar 2.1 kg de MM.,98.1,32.9,31.8,19.8,31.9,6.9,9.9,56.0,26.3,28.9,25.5,88.1,77.7,96.0,52.9,50.4,37.0,8.3,8.3,9.3,6.2,7.4,4.6,2023-10-19 19:58:19.247,1,10.54,1,0-20,40-60,20-40,4,3,3,3,1,2,2,1
10000086,10,2023-01-11,Sub-16,15.9,181.1,20.8554325200223,68.4,24.7683866222741,16.9415764496355,9.19717027027644,44.7514367786074,30.6099827565674,3.32819572292722,46.3,"Mantener MM, disminuir 3.2 puntos en la S6P.",98.9,39.5,27.3,19.8,29.7,6.7,10.2,56.7,26.7,29.9,25.0,83.9,70.7,92.0,55.6,53.8,38.1,8.3,7.5,8.7,6.2,8.9,6.7,2023-10-19 19:58:19.247,1,,1,20-40,20-40,20-40,4,0,3,1,1,1,4,4
10000093,122,2023-01-09,Sub-18,15.9,179.5,20.4840123835166,66.0,22.0501757732087,14.5531160103177,8.92549087160388,46.5646649611346,30.7326788743488,3.44324803155911,37.3,Aumentar 4.5 kg de MM.,96.2,40.4,29.4,17.7,27.3,7.4,10.1,56.0,25.2,27.5,25.0,88.2,72.1,90.2,52.5,48.2,37.2,6.2,7.1,8.4,5.2,7.4,3.0,2023-10-19 19:58:19.247,1,11.99,1,0-20,40-60,0-20,4,0,3,3,1,1,4,4
10000110,14,2023-01-11,Sub-16,15.6,182.0,18.1439439681198,60.1,28.1943249171725,16.9447892752207,8.66764712353085,39.3465718454172,23.6472896790957,2.72822478142866,40.8,,98.6,37.3,27.0,18.4,28.2,7.4,9.9,56.1,24.1,26.2,24.5,80.2,67.0,92.3,49.7,44.8,32.0,7.5,7.5,8.1,6.2,6.9,4.6,2023-10-19 19:58:19.247,1,,1,20-40,0-20,0-20,4,0,3,1,1,1,0,4
10000118,8,2023-01-11,Sub-16,15.6,181.7,24.8978566943582,82.2,26.7497387190325,21.9882852270448,8.94792482316834,46.2053098975949,37.980764735823,4.2446450418852,69.6,"Mantener MM, disminuir 44 puntos en la S6P.",93.3,40.9,29.2,21.2,27.2,6.9,10.5,54.6,30.2,30.2,23.5,91.1,77.0,99.8,62.2,57.3,39.2,10.1,9.1,12.5,19.5,12.8,5.6,2023-10-19 19:58:19.247,1,15.97,1,80-100,60-80,80-100,4,0,3,1,1,1,0,4
10000130,127,2023-01-09,Sub-18,16.4,190.3,19.9369913754563,72.2,26.8096372821741,19.3565581177297,8.41052625888785,44.9889074999382,32.4819912149554,3.86206406295087,48.1,"Mantener MM, mantener la S6P.",74.3,41.0,30.0,21.6,27.3,6.8,10.0,57.7,27.7,30.1,25.2,94.2,74.1,91.0,52.0,50.5,35.5,7.5,9.1,9.6,8.9,7.4,5.6,2023-10-19 19:58:19.247,1,14.13,1,60-80,40-60,20-40,4,0,3,1,5,1,4,4
10000134,101,2023-01-12,Sub-15,14.9,188.2,20.6949669162862,73.3,25.4458754180503,18.6518266814309,8.34525318086662,46.1981841135929,33.8632689552636,4.05778808879073,46.0,"Mantener  MM, mantener S6P.",102.8,43.3,28.7,20.1,24.7,7.0,9.8,56.0,27.7,29.5,25.7,88.7,71.9,95.4,56.5,53.1,37.8,7.5,8.3,8.4,6.8,9.4,5.6,2023-10-19 19:58:19.247,1,14.71,1,60-80,40-60,20-40,4,0,3,1,5,3,0,5
10000135,253,2023-03-09,Sub-15,15.2,176.5,21.1862706546076,66.0,24.8669482770332,16.4121858628419,8.82101402032158,44.1446096497219,29.1354423688164,3.30295840157323,52.5,"Mantener MM, disminuir 5.4 puntos en la S6P.",96.7,40.1,29.8,19.4,29.9,6.6,9.8,55.8,25.4,28.0,24.3,90.1,73.2,91.7,54.2,51.2,34.5,7.6,8.6,7.4,12.8,9.2,6.9,2023-10-19 19:58:19.247,1,13.4,1,20-40,20-40,40-60,0,4,0,3,3,3,0,5
10000144,16,2023-01-11,Sub-16,15.5,185.8,20.3061036497687,70.1,25.7486979036491,18.049837230458,8.36003554130889,44.9977531415772,31.5434249522456,3.77312091514231,49.5,"Mantener MM, disminuir 4.6 puntos en la S6P.",99.1,39.5,29.1,20.1,27.9,6.9,10.2,57.7,27.0,28.5,25.0,90.2,73.5,93.0,54.5,52.1,37.5,8.3,8.3,8.4,10.0,8.9,5.6,2023-10-19 19:58:19.247,1,14.07,1,60-80,40-60,40-60,4,0,3,1,5,1,0,4
10000152,879,2023-03-03,Reserva,17.4,181.3,3.287,76.0,19.32,14.68,9.076,50.29,38.221,4.2112,40.8,,95.4,41.5,31.0,20.0,29.0,7.4,9.9,56.7,30.6,32.9,27.0,99.5,82.0,97.7,57.6,55.3,36.3,6.0,8.2,6.2,7.0,8.6,4.8,2024-01-27 20:03:20.700,1,10.95,1,0-20,80-100,0-20,4,0,3,1,1,2,2,1
10000155,505,2023-06-26,Sub-16,16.4,180.4,22.5232422652789,73.3,22.79,16.708,9.49,53.99,39.572,4.1699,43.4,"Mantener MM, mantener S6P.",141.4,42.6,30.0,17.9,28.4,7.1,9.0,56.1,28.4,29.0,26.4,96.5,78.6,98.1,59.3,55.5,34.6,7.0,8.0,5.3,9.0,7.0,7.1,2023-10-19 19:58:19.247,1,11.99,1,20-40,80-100,0-20,4,0,3,1,1,1,4,4
10000160,107,2023-01-12,Sub-15,14.6,182.8,18.9431120091549,63.3,28.4014053903704,17.9780896121045,9.07759660846048,39.1613091530511,24.7891086938813,2.73080086757517,48.5,,97.3,39.5,28.6,16.9,30.7,6.9,9.5,55.6,25.4,26.5,23.5,82.7,72.3,89.6,51.0,47.9,33.6,7.5,9.5,9.0,10.0,7.9,4.6,2023-10-19 19:58:19.247,1,15.31,1,40-60,0-20,40-60,0,4,3,1,1,3,0,5
10000164,575,2023-06-19,Sub-16,16.1,177.4,23.0372574415108,72.5,22.91,16.607,7.977,49.05,35.562,4.4581,50.3,,90.1,39.4,29.2,17.9,26.5,6.6,9.8,56.8,27.0,29.9,25.2,92.4,75.3,93.6,58.9,56.7,38.1,8.1,8.4,8.0,9.6,10.8,5.4,2023-10-19 19:58:19.247,1,14.87,1,20-40,60-80,40-60,4,0,0,3,1,1,4,4
10000168,257,2023-03-09,Sub-15,15.2,180.8,17.2537003680789,56.4,31.8440559251329,17.960047541775,7.79577492115354,36.6590383843491,20.6756976487729,2.65216708510531,52.7,"Aumentar 4.9 kg de MM, disminuir 13.3 en la S6P.",90.2,37.2,27.0,18.4,28.0,6.9,9.6,57.5,24.0,26.2,22.7,81.5,67.7,88.1,49.0,43.7,31.0,6.8,8.6,8.4,13.8,9.2,5.9,2023-10-19 19:58:19.247,1,19.91,1,40-60,0-20,60-80,4,0,3,1,1,3,0,5
10000169,39,2023-01-10,Sub-17,16.5,189.5,24.7561629339812,88.9,25.4278623526828,22.605369631535,10.7281325553949,52.6453135455443,46.8016837419889,4.36251915236203,59.4,"Mantener MM, disminuir 2.6 puntos en la S6P.",137.9,43.0,31.6,18.7,28.3,7.5,10.7,57.0,29.5,31.2,27.0,94.4,76.4,106.4,67.5,62.2,42.0,8.8,11.5,11.9,12.1,7.9,7.2,2023-10-19 19:58:19.247,1,13.12,1,80-100,80-100,80-100,4,0,3,1,5,1,4,4
10000171,142,2023-03-01,Sub-16,16.0,178.5,22.5345039976775,71.8,23.5535346086335,16.9114378489988,8.14032083770214,46.6614969574125,33.5029548154222,4.11567989559481,52.4,"Mantener MM, disminuir 8 puntos en la S6P.",98.4,38.9,29.7,19.5,28.7,7.0,9.6,55.1,27.2,30.1,24.5,91.5,79.2,96.5,57.4,52.4,38.4,8.5,7.8,7.4,10.7,10.2,7.8,2023-10-19 19:58:19.247,1,13.94,1,20-40,40-60,40-60,4,0,0,3,1,1,4,4
10000175,316,2023-01-09,Sub-18,17.8,182.3,22.056197264851,73.3,27.7095344016816,20.3110887164326,9.67061372017266,47.0263027635828,34.4702799257062,3.56443561113418,60.6,"Mantener MM, disminuir 17.4 puntos en la S6P.",135.0,40.9,29.9,19.7,29.4,7.2,10.3,54.7,29.8,33.2,25.4,91.0,78.0,95.2,56.0,53.2,35.7,8.3,10.7,10.8,15.3,9.9,5.6,2023-10-19 19:58:19.247,1,,1,80-100,60-80,80-100,4,0,3,1,1,2,2,1
10000178,533,2023-07-21,Sub-18,18.0,189.0,21.779905377789,77.8,22.96,17.861,8.88,49.52,38.524,4.3383,49.4,"Mantener MM, disminuir 8.4 puntos en la S6P.",95.0,42.4,28.6,19.2,28.8,7.4,9.9,56.5,32.4,33.7,27.1,94.5,77.8,97.1,60.3,58.5,39.5,8.4,11.0,6.6,9.0,8.4,6.0,2023-10-19 19:58:19.247,1,,1,40-60,80-100,40-60,4,0,3,1,5,2,2,1
10000179,1,2023-01-11,Sub-16,15.3,189.6,19.639391835354,70.6,26.5906617348651,18.7730071848148,10.5181969064985,41.0122848720966,28.9546731197002,2.7528171774205,44.6,"Mantener MM, mantener S6P.",95.6,40.0,27.4,18.8,30.3,7.9,10.7,58.0,26.4,28.2,25.4,86.9,73.6,93.8,51.8,46.9,35.6,7.5,7.9,8.4,7.8,6.9,6.1,2023-10-19 19:58:19.247,1,,1,60-80,20-40,20-40,4,0,3,1,5,1,0,5
10000184,19,2023-01-11,Sub-16,15.9,181.9,25.0546957002939,82.9,21.4375573197068,17.7717350180369,9.82269762096641,49.5998216948215,41.118252185007,4.18604478847447,54.2,,96.0,41.2,30.8,20.8,30.3,7.4,10.2,57.2,30.4,31.7,26.7,95.8,83.0,98.3,63.1,58.1,39.4,7.5,9.1,9.3,16.3,5.9,6.1,2023-10-19 19:58:19.247,1,,1,40-60,80-100,60-80,4,0,3,1,1,1,4,4
10000190,99,2023-01-12,Sub-15,14.5,179.2,21.7048489317602,69.7,24.9327995946239,17.3781613174529,9.67654764554045,43.791865140091,30.5229300026434,3.15432023080156,56.5,"Aumentar 0.3 kg de MM, disminuir 7.6 en la S6P.",96.7,41.8,29.9,21.4,29.4,7.5,10.1,57.0,26.6,28.3,91.9,24.5,74.0,91.8,56.3,54.1,34.9,8.3,9.1,9.9,12.1,9.4,7.7,2023-10-19 19:58:19.247,1,,1,40-60,20-40,60-80,0,4,3,3,1,3,3,5
10000191,5,2023-01-11,Sub-16,15.7,177.5,22.0908549890895,69.6,28.8207058499282,20.05921127155,8.14757166467982,42.8971507810179,29.8564169435884,3.66445588604242,66.7,"Mantener MM, disminuir 15.6 puntos en la S6P.",99.6,36.9,27.5,20.2,28.5,7.0,10.3,54.3,29.3,30.6,25.1,86.7,72.0,94.6,55.6,51.6,34.5,10.9,9.1,9.6,13.1,8.9,15.1,2023-10-19 19:58:19.247,1,,1,80-100,20-40,80-100,4,0,0,3,1,1,0,4
10000195,15,2023-01-11,Sub-16,15.7,179.2,21.7982700892857,70.0,23.3677212861014,16.357404900271,8.64570012121793,41.6251251020739,29.1375875714518,3.37018253732205,53.6,"Aumentar 2.5 kg de MM, disminuir 19.1 puntos en la S6P.",97.9,40.0,30.3,38.9,28.8,7.5,10.3,55.2,27.4,29.2,25.0,88.9,76.2,93.4,56.0,53.2,35.6,9.6,9.1,8.4,11.0,9.9,5.6,2023-10-19 19:58:19.247,1,,1,0-20,20-40,60-80,4,0,3,3,1,1,0,4
10000198,111,2023-01-09,Sub-18,17.8,192.8,21.8982972056266,81.4,25.4800138245133,20.7407312531538,10.7956039498035,45.0771446253306,36.6927957250191,3.39886456520915,52.3,,101.4,43.7,30.1,18.9,30.5,7.2,10.5,58.2,29.8,30.0,26.1,92.3,76.7,98.0,56.6,50.4,38.5,6.6,9.1,11.0,13.1,7.4,5.1,2023-10-19 19:58:19.247,1,,1,80-100,60-80,40-60,4,0,3,1,5,2,2,1
10000216,31,2023-01-10,Sub-17,16.9,192.4,20.800826414132,77.0,24.2793756444067,18.6951192461932,8.43011877166079,47.7078367854212,36.7350343247743,4.35759392243264,47.1,"Aumentar 1 kg de MM, disminuir 6.4 puntos en la S6P.",99.8,41.6,29.2,21.9,27.9,6.8,10.1,58.7,29.7,31.5,26.5,97.7,75.5,91.5,54.9,54.2,38.6,7.9,7.5,8.1,7.3,4.4,11.9,2023-10-19 19:58:19.247,1,15.7,1,60-80,60-80,20-40,4,0,3,1,5,1,4,1
10000234,821,2023-01-07,Reserva,18.9,187.4,3.5119,88.8,22.0,19.537,10.398,49.33,43.804,4.2127,55.0,,98.0,43.5,32.5,21.6,28.5,7.1,10.8,59.5,30.2,31.8,27.0,100.6,80.5,103.5,62.1,57.9,40.0,7.5,11.0,11.0,13.0,9.0,3.5,2024-01-27 20:03:20.700,7,13.2,1,60-80,80-100,60-80,4,0,3,1,5,2,2,3
10000237,705,2023-06-01,Sub-17,16.4,191.7,3.6749,81.9,23.16,18.971,10.96,46.62,38.184,3.4839,46.0,,100.3,44.5,31.5,19.3,29.4,7.6,10.9,56.2,29.5,30.4,26.0,93.5,76.2,98.0,58.0,54.0,40.0,8.0,9.0,6.0,10.0,8.0,5.0,2023-12-05 00:34:20.303,1,,1,60-80,60-80,20-40,4,0,3,1,5,1,4,4
10000243,648,2023-08-11,Sub-15,15.3,178.1,3.172,68.5,25.23,17.285,7.716,45.1,30.893,4.0038,54.4,,90.8,39.2,28.7,20.4,26.4,6.7,9.7,56.6,26.5,28.4,24.1,91.3,77.2,90.5,56.0,55.2,34.1,7.8,7.4,9.0,13.2,9.6,7.4,2023-12-05 00:34:20.303,1,14.45,1,40-60,40-60,60-80,0,4,0,3,1,1,0,5
10000261,746,2023-07-06,Sub-17,16.2,178.3,3.1791,65.3,24.04,15.701,9.473,43.5,28.408,2.9988,38.4,,80.0,41.4,28.6,14.4,27.5,7.1,9.5,55.7,24.0,26.8,23.3,86.0,73.2,88.4,50.1,48.5,35.3,5.6,6.7,4.5,8.0,7.3,6.3,2024-01-27 20:03:20.700,1,15.03,1,0-20,0-20,0-20,4,0,0,3,1,1,4,4
10000276,836,2023-08-22,Reserva,16.9,182.7,3.3379,71.6,21.44,15.351,9.788,48.51,34.733,3.5485,40.4,,94.4,41.5,30.2,15.3,30.9,7.0,10.3,56.1,28.1,30.1,25.5,90.5,75.0,95.1,58.1,58.6,37.3,6.4,7.0,6.4,9.8,7.2,3.6,2024-01-27 20:03:20.700,1,12.71,1,0-20,60-80,0-20,4,0,3,1,1,1,4,1
10000001,109,2023-01-09,Sub-18,17.7,174.5,22.265827045755,67.8,21.2431982152555,14.4028883899432,8.86849100884319,48.1389556682542,32.6382119430763,3.68024412614629,40.9,Requiere aumentar 2.7 kg de masa muscular,94.8,41.2,30.7,16.7,26.1,7.0,10.1,56.0,27.5,29.7,24.5,89.5,72.2,90.4,52.9,52.4,37.5,5.7,7.5,8.4,6.8,6.9,5.6,2023-10-19 19:58:19.247,1,,2,40-60,60-80,0-20,2,3,0,3,3,2,2,1
10000015,23,2023-01-10,Sub-17,15.9,174.2,18.8824490107969,57.3,28.5364024334336,16.3513585943574,7.28569114588328,40.3806382458019,23.1381057148445,3.17582851805604,48.7,,94.8,37.8,27.1,18.0,26.3,6.2,9.4,55.0,23.5,25.2,22.6,82.5,68.7,89.2,49.4,46.4,31.0,6.6,7.5,9.0,11.0,7.9,6.7,2023-10-19 19:58:19.247,1,17.37,2,80-100,0-20,40-60,2,5,0,3,3,1,4,4
10000018,782,2023-01-06,Reserva,18.6,164.7,2.7126,58.2,19.97,11.626,7.744,55.32,32.196,4.1575,38.5,,125.7,39.3,29.2,18.3,26.1,6.8,9.6,54.5,29.1,33.0,27.0,90.5,68.5,86.5,51.5,50.8,36.5,6.0,6.0,5.0,9.0,9.0,3.5,2024-01-27 20:03:20.700,9,11.48,2,0-20,40-60,0-20,2,3,1,4,0,2,2,3
10000019,159,2023-03-04,Sub-17,17.2,159.6,20.5714788223692,52.4,20.5119375154325,10.7482552580866,6.7380188396628,47.0537848803969,24.656183277328,3.6592630362194,42.6,"Aumentar 3.7 kg de MM, mantener S6P.",88.1,39.4,29.0,17.3,25.8,6.3,8.6,54.7,27.0,29.0,24.1,86.5,74.6,84.5,48.0,47.1,33.1,7.6,8.6,8.4,8.6,6.3,3.1,2023-10-19 19:58:19.247,1,,2,0-20,0-20,20-40,2,5,1,4,2,2,2,1
10000023,112,2023-01-09,Sub-18,16.8,174.5,20.4596021379135,62.3,23.7613580333962,14.8033260548059,8.05959254018877,45.4519158432293,28.3165435703319,3.51339641912824,43.1,"Aumentar 3.4 kg de MM, disminuir 1.2 puntos en la S6P.",91.2,41.0,27.2,18.7,24.5,6.6,9.5,57.9,25.9,28.5,24.5,86.1,70.7,87.0,53.0,48.4,33.0,6.6,8.3,8.4,7.3,6.9,5.6,2023-10-19 19:58:19.247,1,11.96,2,60-80,20-40,20-40,2,5,0,3,3,1,4,1
10000026,126,2023-01-09,Sub-18,17.7,172.4,22.1386620442396,65.8,21.1323044811039,13.9050563485664,8.36463846097938,48.9478251543262,32.2076689515466,3.85045559372277,44.5,Reducir 0.6 kg de masa adiposa y aumentar 1.1 kg de masa muscular,93.8,40.5,28.5,17.3,27.1,7.2,10.0,54.0,28.7,30.5,26.0,86.6,75.5,91.0,55.0,52.1,38.2,6.6,7.9,9.6,10.5,6.4,3.5,2023-10-19 19:58:19.247,1,13.66,2,20-40,40-60,20-40,2,3,0,3,3,2,2,1
10000027,173,2023-03-04,Sub-18,18.2,171.0,21.6134879108102,63.2,24.1421520527092,15.2578400973122,6.56676610849214,44.6157212268963,28.1971358153984,4.29391504882958,50.5,Reducir 0.8 kg de masa adiposa y aumentar 3 kg de masa muscular / APTO,80.1,26.5,37.8,27.5,37.0,5.6,9.1,55.7,28.0,29.2,24.2,86.8,70.5,94.4,50.5,53.9,34.3,7.6,8.6,6.4,12.8,8.2,6.9,2023-10-19 19:58:19.247,1,,2,60-80,20-40,60-80,2,3,0,0,3,2,2,3
10000030,160,2023-03-04,Sub-17,16.2,166.5,22.7254281308335,63.0,18.932806299161,11.9276679684714,8.0844962196789,50.0555403918513,31.5349904468663,3.90067477180648,40.4,"Aumentar 3.3 kg de MM, mantener S6P.",96.8,39.2,29.8,19.5,28.5,6.7,10.2,52.9,27.1,28.5,24.8,92.0,74.7,92.0,53.7,50.3,36.5,5.9,7.0,6.4,11.7,5.3,4.1,2023-10-19 19:58:19.247,1,,2,0-20,40-60,0-20,2,5,1,0,0,1,4,4
10000031,26,2023-01-10,Sub-17,16.5,176.0,22.6949896694215,70.3,22.7789509187199,16.0136024958601,8.83280849623916,47.5419151091803,33.4219663217538,3.78384364791608,55.0,"Mantener MM, mantener S6P.",96.5,40.3,30.3,19.0,29.9,7.0,10.0,56.0,28.9,30.9,26.6,91.7,77.6,95.0,55.9,50.7,38.7,7.9,8.7,10.2,13.7,8.9,5.6,2023-10-19 19:58:19.247,1,10.36,2,80-100,60-80,80-100,2,5,0,3,3,1,4,4
10000032,807,2023-01-07,Reserva,18.5,168.7,2.846,61.4,19.19,11.784,7.758,49.62,30.464,3.9268,33.5,,92.7,38.2,28.6,17.9,27.8,6.7,9.7,52.7,27.9,30.2,24.5,87.2,72.2,89.3,52.6,51.4,34.5,4.0,7.5,5.0,7.0,6.0,4.0,2024-01-27 20:03:20.700,1,10.84,2,0-20,40-60,0-20,2,3,1,0,0,2,2,3
10000036,2,2023-01-11,Sub-16,15.5,169.8,21.6772729227623,62.5,21.4406138365535,13.400383647846,9.02267758307658,45.2675344545015,28.2922090340634,3.13567771579579,44.8,"Aumentar 3.2 kg de MM, disminuir 1.6 puntos en la S6P.",94.1,40.2,30.2,18.4,29.2,7.3,10.1,54.7,25.1,28.4,23.6,90.5,75.6,93.0,52.7,49.4,33.8,7.9,8.3,8.7,9.4,5.9,4.6,2023-10-19 19:58:19.247,1,11.46,2,20-40,20-40,40-60,0,5,0,0,0,1,0,4
10000038,22,2023-01-10,Sub-17,17.0,163.0,26.3088561857804,69.9,19.8619716791172,13.8835182037029,7.94252108646792,51.5261890711945,36.0168061607649,4.53468184329137,58.4,"Mantener MM, disminuir 4 puntos en la S6P.",90.9,38.9,28.7,19.0,27.5,7.0,9.8,55.0,30.0,32.1,27.0,95.0,81.9,96.5,61.1,56.5,38.5,9.2,9.9,10.5,16.3,6.9,5.6,2023-10-19 19:58:19.247,1,,2,20-40,80-100,80-100,2,5,1,4,2,1,4,1
10000040,24,2023-01-10,Sub-17,16.8,169.5,26.6617937539701,76.6,19.9418218952788,15.2754355717836,9.2667247018865,51.2659509585901,39.26971843428,4.23771285946215,52.1,"Mantener MM, disminuir 7.2 puntos en la S6P.",89.1,40.2,29.3,20.5,27.7,7.0,10.3,56.5,31.4,32.2,26.0,93.5,76.9,97.2,59.0,57.5,40.0,8.3,9.1,10.2,13.1,7.4,4.0,2023-10-19 19:58:19.247,1,15.38,2,60-80,80-100,60-80,2,5,1,0,0,1,4,1
10000042,115,2023-01-09,Sub-18,17.6,174.6,24.4709229015036,74.6,19.6000998042532,14.6216744539729,9.57945463431391,50.2176381234789,37.4623580401152,3.9106984134487,45.9,Reducir 2.3 kg de masa adiposa / APTO ,91.7,41.7,32.5,18.7,29.6,7.2,10.0,56.2,29.7,30.9,27.1,97.2,77.5,94.4,56.7,55.5,37.0,7.5,7.9,9.0,10.0,6.4,5.1,2023-10-19 19:58:19.247,1,10.08,2,40-60,80-100,40-60,2,3,0,3,3,2,2,1
10000044,161,2023-03-04,Sub-17,16.4,168.5,22.0130493356462,62.5,23.270949775859,14.5443436099119,7.72318654341682,47.1983487377893,29.4989679611183,3.81953327105157,59.1,"Aumentar 2.6 kg de MM, disminuir 16.3 puntos en la S6P.",96.5,38.7,29.0,20.6,28.5,6.7,10.2,54.5,27.2,28.7,24.2,93.2,75.2,93.0,56.5,51.7,35.0,8.5,11.1,8.4,17.0,6.3,7.8,2023-10-19 19:58:19.247,1,,2,40-60,20-40,80-100,2,5,1,0,0,1,4,4
10000048,4,2023-01-11,Sub-16,15.6,172.9,18.2977352622112,54.7,26.7803166484409,14.6488332066972,7.60211994379714,41.899682684604,22.9191264284784,3.01483357246671,39.8,"Aumentar 3 kg de MM, mantener S6P.",89.1,37.9,25.9,15.1,23.7,6.9,9.4,58.1,23.1,26.4,22.6,80.1,64.5,81.0,47.9,45.9,33.2,6.2,5.9,7.5,4.6,8.9,6.7,2023-10-19 19:58:19.247,1,14.34,2,40-60,0-20,0-20,0,5,0,3,3,1,0,4
10000054,811,2023-01-06,Reserva,18.3,171.0,2.9241,74.0,20.47,15.148,8.329,51.59,38.178,4.5837,51.0,,127.6,40.7,31.6,21.8,26.1,6.6,10.0,55.7,30.1,31.5,27.0,96.3,79.6,93.2,58.1,55.5,37.0,5.0,13.0,8.0,14.0,7.0,4.0,2024-01-27 20:03:20.700,6,11.89,2,60-80,80-100,60-80,2,3,0,0,3,2,2,3
10000055,117,2023-01-09,Sub-18,17.7,174.0,23.8472717664156,72.2,23.5341759287655,16.9916750205687,8.53508042263405,46.9407488966608,33.8912207033891,3.97081445343075,64.0,,94.8,41.9,30.1,22.4,28.3,7.0,9.9,54.1,30.1,31.3,23.5,96.3,81.1,95.1,58.5,58.6,35.5,10.1,9.5,11.9,20.6,7.9,4.0,2023-10-19 19:58:19.247,1,,2,80-100,60-80,80-100,2,3,0,3,3,2,2,1
10000056,118,2023-01-09,Sub-18,17.4,176.6,23.3105763964863,72.7,21.1832127322306,15.4001956563316,8.54651943921808,47.7836993876774,34.7387494548414,4.06466628923033,51.1,Reducir 0.7 kg de masa adiposa y aumentar 0.5 kg de masa muscular / APTO ,95.4,41.0,40.0,20.1,27.8,7.2,10.0,56.2,28.7,30.2,25.4,96.3,77.4,96.8,57.6,51.7,36.4,8.3,7.9,8.7,14.2,6.4,5.6,2023-10-19 19:58:19.247,1,,2,60-80,60-80,60-80,2,3,0,3,3,2,2,1
10000061,187,2023-03-07,Sub-16,15.8,170.4,23.2124358041835,67.4,18.7780543981415,12.6564086643474,8.30577549744302,50.5778692382893,34.089483866607,4.10431077472557,40.3,,91.3,40.5,29.8,20.2,26.1,7.1,10.1,56.0,29.2,31.6,26.5,93.2,77.0,93.7,55.7,53.1,37.2,7.6,8.6,4.3,7.5,8.2,4.1,2023-10-19 19:58:19.247,1,,2,0-20,60-80,0-20,2,5,0,0,0,1,4,4
10000062,851,2023-01-06,Reserva,17.7,167.9,2.819,63.0,22.58,14.224,8.153,46.37,29.214,3.5832,49.0,,94.7,38.3,28.7,19.9,26.7,6.7,10.1,56.2,29.2,30.8,25.5,85.4,72.1,88.0,52.5,50.2,34.2,9.0,9.0,5.0,13.0,10.0,3.0,2024-01-27 20:03:20.700,1,13.71,2,40-60,20-40,60-80,2,3,1,0,0,2,2,1
10000067,119,2023-01-09,Sub-17,16.5,168.5,22.1539328513943,62.9,24.6563164135713,15.5088230241363,7.87901793501712,45.8070818076473,28.8126544570102,3.65688397902442,56.6,"Aumentar 2.6 kg de MM, mantener S6P.",80.8,40.0,27.7,17.4,26.5,6.6,9.6,54.1,27.0,29.4,24.7,85.9,73.6,90.9,54.2,49.5,36.8,9.6,9.5,9.6,8.9,12.3,6.7,2023-10-19 19:58:19.247,1,,2,60-80,20-40,80-100,2,5,1,0,0,1,4,4
10000070,120,2023-01-09,Sub-18,17.7,166.9,25.1654873111736,70.1,21.4125901331086,15.0102256833091,7.76350391115122,50.2964458166671,35.2578085174836,4.54148138791307,58.0,Reducir 1  kg de masa adiposa y aumentar 2.1 kg de masa muscular / APTO,88.4,37.2,29.4,20.5,25.8,7.2,10.4,55.8,30.4,32.0,26.7,92.7,76.9,95.4,59.5,55.4,37.6,9.6,7.1,10.2,12.1,11.3,7.7,2023-10-19 19:58:19.247,1,10.47,2,60-80,80-100,80-100,2,3,1,0,0,2,2,1
10000071,9,2023-01-11,Sub-16,15.8,166.0,20.4674118159385,56.4,21.1464496178049,11.926597584442,7.53950201420767,46.841040110413,26.4183466222729,3.50399092307282,38.6,"Aumentar 2.1 kg de MM, mantener S6P.",93.3,37.7,27.8,16.7,26.7,6.8,9.4,55.5,26.0,28.4,24.0,82.2,72.2,86.9,51.0,48.7,34.7,5.7,6.3,9.9,6.8,6.4,3.5,2023-10-19 19:58:19.247,1,11.15,2,0-20,0-20,0-20,2,5,1,0,0,1,4,4
10000073,769,2023-01-07,Reserva,17.5,170.2,2.8968,67.9,19.23,13.056,8.559,52.79,35.841,4.1875,41.0,,120.9,40.1,28.3,20.8,25.7,7.3,10.5,55.5,29.5,32.0,27.5,93.2,74.5,95.1,56.1,54.0,37.0,8.0,7.0,6.0,9.0,7.0,4.0,2024-01-27 20:03:20.700,8,10.87,2,20-40,80-100,20-40,2,3,0,0,0,2,2,1
10000075,6,2023-01-11,Sub-16,16.0,166.5,20.7775342910478,57.6,23.9351576311671,13.7866507955523,7.82961124080838,44.8930055526825,25.8583711983451,3.30263794753561,46.5,"Aumentar 3.6 kg de MM, disminuir 1 puntos en la S6P.",92.1,38.1,26.3,19.5,26.0,7.1,9.7,54.0,24.1,25.1,22.1,83.0,68.0,89.0,52.7,48.9,33.8,7.0,7.5,8.4,11.0,5.4,7.2,2023-10-19 19:58:19.247,1,,2,20-40,0-20,40-60,2,5,1,0,0,1,4,4
10000078,27,2023-01-10,Sub-17,16.0,174.6,24.011683061529,73.2,23.1482581559804,16.9445249701777,8.97422854521602,46.9831173519109,34.3916419015988,3.83226722256057,59.0,"Aumentar 1.5 kg de MM, disminuir 7.4 puntos en la S6P.",93.3,39.9,29.6,19.5,29.5,7.2,9.8,56.2,28.7,30.7,25.8,92.0,80.8,98.6,59.0,53.1,37.1,8.3,9.5,9.3,15.3,8.9,7.7,2023-10-19 19:58:19.247,1,13.69,2,80-100,60-80,80-100,2,5,0,3,3,1,4,4
10000081,28,2023-01-10,Sub-17,16.8,174.7,20.1178961136746,61.4,25.8502320093875,15.8720424537639,7.2392080054061,44.3626435896319,27.238663164034,3.76265789623571,46.6,"Aumentar 5.9 kg de MM, mantener S6P.",96.9,39.7,26.8,19.3,24.9,6.5,9.2,54.0,27.0,29.2,23.6,85.0,70.5,90.2,50.0,47.0,32.7,6.6,7.5,9.0,11.0,6.9,5.6,2023-10-19 19:58:19.247,1,,2,80-100,0-20,40-60,2,5,0,3,3,1,4,1
10000087,896,2023-01-06,Reserva,17.3,165.9,2.7523,58.0,21.13,12.254,6.727,48.54,28.155,4.1854,36.0,,86.7,35.7,24.3,19.7,24.8,6.4,9.3,55.1,26.4,28.3,23.0,82.7,70.2,85.2,51.2,48.9,35.5,6.0,6.5,4.0,7.0,9.0,3.5,2024-01-27 20:03:20.700,6,12.45,2,0-20,20-40,0-20,2,5,1,0,0,2,2,1
10000088,30,2023-01-10,Sub-17,16.6,175.4,21.6803683127278,66.7,22.3186911489941,14.8865669963791,9.0476054782108,46.4666273697875,30.9932404556483,3.42557381953587,44.7,"Aumentar 1.4 kg de MM, mantener S6P.",94.7,38.7,29.6,19.3,28.5,7.5,10.0,58.0,26.5,27.8,25.2,89.1,72.1,93.5,54.2,51.0,35.7,7.5,7.5,9.3,7.8,5.9,6.7,2023-10-19 19:58:19.247,1,11.86,2,60-80,40-60,40-60,2,5,0,3,3,1,4,4
10000095,11,2023-01-11,Sub-16,15.8,168.0,19.3098072562358,54.5,20.9960091372772,11.4428249798161,6.38676514760352,48.7718499566212,26.5806582263585,4.16183429514897,34.5,"Aumentar 2.5 kg de MM, mantener S6P.",89.4,36.9,27.2,17.9,24.8,6.5,9.1,55.2,25.8,27.6,23.7,85.5,70.0,84.2,50.7,48.9,33.2,4.9,6.7,7.8,6.2,5.4,3.5,2023-10-19 19:58:19.247,1,,2,0-20,0-20,0-20,2,5,1,0,0,1,4,4
10000097,283,2023-03-07,Sub-16,15.9,172.7,20.7541988694829,61.9,22.8073196690887,14.1177308751659,8.0038346135834,45.4296404872347,28.1209474615983,3.51343434981451,44.6,"Mantener MM, disminuir 16.2 puntos en la S6P.",91.4,39.6,27.1,20.1,27.0,6.9,9.7,55.1,25.3,26.6,23.0,89.1,75.7,91.5,52.1,42.4,35.5,7.6,7.8,6.4,9.6,7.3,5.9,2023-10-19 19:58:19.247,1,14.49,2,40-60,20-40,40-60,2,5,0,3,3,1,4,4
10000099,12,2023-01-11,Sub-16,15.7,161.2,22.3201916149967,58.0,20.1774633159436,11.7029287232473,7.16157374763607,49.4448816265661,28.6780313434083,4.00443147749117,41.8,"Aumentar 1.4 kg de MM, mantener S6P.",85.0,37.8,27.7,18.9,25.3,6.3,9.2,56.0,26.8,29.2,24.5,84.6,70.0,87.9,53.2,51.5,35.8,5.7,7.5,8.7,6.8,5.4,7.7,2023-10-19 19:58:19.247,1,10.25,2,0-20,20-40,20-40,1,5,1,4,2,1,0,4
10000105,113,2023-01-09,Sub-18,17.7,171.2,22.4159861123242,65.7,20.9131539651337,13.7399421550929,7.83448091910418,50.3911908276024,33.1070123737348,4.22580802934935,44.6,Reducir 2.5 kg de masa adiposa / NO APTO,91.4,39.0,28.1,18.9,25.9,7.2,9.8,55.6,29.4,31.5,26.5,89.7,72.3,91.4,56.0,53.0,35.7,7.5,8.3,8.4,9.4,6.4,4.6,2023-10-19 19:58:19.247,1,13.65,2,20-40,60-80,40-60,2,3,0,0,3,2,2,1
10000106,13,2023-01-11,Sub-16,16.0,169.1,22.9412260476639,65.6,23.1416847458487,15.1809451932768,7.77088177787542,47.6948028627785,31.2877906779827,4.02628576425685,52.5,"Mantener MM, disminuir 9 puntos en la S6P.",95.4,37.2,29.4,19.1,26.8,6.5,9.9,56.6,27.5,29.4,24.2,88.3,70.5,92.2,57.5,54.4,35.2,10.1,7.1,8.4,8.9,10.8,7.2,2023-10-19 19:58:19.247,1,12.59,2,60-80,40-60,60-80,2,5,1,0,0,1,4,4
10000107,258,2023-01-07,Sub-18,17.9,176.0,23.308367768595,72.2,22.2960447362782,16.0977442995928,8.76859524791449,48.1696766021476,34.7785065067506,3.96625748178105,51.7,Reducir 1. 2 kg de masa adiposa y aumentar 0.7 kg de masa muscular / APTO,97.5,38.5,30.9,19.6,30.0,6.7,10.5,55.3,29.0,31.0,25.1,92.4,76.7,96.0,57.7,56.2,35.9,6.6,10.7,10.2,15.3,4.9,4.0,2023-10-19 19:58:19.247,1,11.19,2,80-100,60-80,60-80,2,3,0,3,3,2,2,1
10000111,123,2023-01-09,Sub-18,17.7,158.7,22.5127840452257,56.7,23.1811873444989,13.1437332243309,6.9082872829752,47.5114585839811,26.9389970171173,3.89951892757932,59.2,Aumentar 1.1 kg de masa muscular / APTO ,89.2,37.7,27.7,18.8,25.5,7.2,9.7,51.5,27.0,29.2,24.0,86.5,71.4,92.0,55.3,52.1,34.1,9.2,8.3,10.2,15.3,7.4,8.8,2023-10-19 19:58:19.247,1,,2,20-40,0-20,80-100,2,5,1,4,2,2,2,1
10000123,541,2023-07-21,Sub-18,18.9,179.0,24.9680097375238,80.0,23.6,18.883,9.083,49.37,39.498,4.3486,70.8,Disminuir 29.8 puntos en la S6P.,95.9,42.7,31.7,21.0,29.4,7.2,10.1,55.7,33.0,34.6,28.0,101.6,79.3,100.0,61.8,58.4,38.4,11.0,9.8,7.4,21.0,10.0,11.6,2023-10-19 19:58:19.247,1,,2,80-100,80-100,80-100,2,3,3,3,1,2,2,3
10000125,240,2023-03-04,Sub-17,17.0,172.4,23.0470873864805,68.5,22.0009600714521,15.0706576489447,9.08044764349263,46.3000960022844,31.7155657615648,3.4927315267649,50.0,"Mantener MM, disminuir 3.8 puntos en la S6P.",92.4,43.0,18.2,31.0,28.5,6.7,9.2,56.0,27.0,29.0,24.0,94.0,78.0,92.3,54.0,53.3,35.8,8.5,10.3,6.4,10.7,8.2,5.9,2023-10-19 19:58:19.247,1,,2,60-80,40-60,60-80,2,5,0,3,3,1,4,1
10000129,33,2023-01-10,Sub-17,16.7,166.3,20.1766797357072,55.8,23.0952875571753,12.8871704569038,6.7368173228237,46.6083830598693,26.0074777474071,3.8604991795304,43.8,"Aumentar 5.4 kg de MM, mantener S6P.",90.4,37.9,27.6,18.7,25.5,6.5,9.1,53.2,26.1,27.2,22.5,85.2,69.1,85.1,49.5,48.9,34.3,6.6,8.3,9.0,9.4,5.9,4.6,2023-10-19 19:58:19.247,1,,2,0-20,0-20,20-40,2,5,1,0,0,1,4,4
10000131,128,2023-01-09,Sub-18,17.9,168.7,21.1527251350946,60.2,22.8445110380095,13.7523956448817,7.51523248070579,46.6376815823246,28.0758843125594,3.73586371208608,46.6,Reducir 1.5 kg de masa adiposa y aumentar 3 kg de masa muscular / NO APTO,92.0,39.1,27.9,18.2,25.8,6.4,9.1,57.7,26.9,28.4,22.9,86.5,72.5,88.3,52.5,47.7,35.4,6.6,9.1,9.0,9.4,7.9,4.6,2023-10-19 19:58:19.247,1,11.6,2,20-40,20-40,40-60,2,3,1,0,0,2,2,1
10000136,887,2023-01-06,Reserva,18.6,176.2,3.1046,74.5,21.68,16.149,9.961,52.8,39.335,3.9489,42.0,,134.2,41.7,27.7,19.8,27.9,6.8,10.0,55.5,30.5,32.3,25.9,91.5,76.9,93.0,55.5,52.5,37.2,6.0,8.0,6.0,10.0,8.0,4.0,2024-01-27 20:03:20.700,7,12.92,2,80-100,80-100,20-40,2,3,0,3,3,2,2,3
10000138,686,2023-11-27,Sub-16,16.2,170.0,2.89,63.6,23.39,14.873,7.296,46.95,29.858,4.0924,46.9,,88.0,37.1,26.4,19.0,25.4,6.6,9.6,55.2,26.4,27.4,23.7,86.0,72.7,89.6,53.4,52.7,36.1,8.0,7.4,6.0,9.5,9.6,6.4,2023-12-05 00:34:20.303,1,,2,60-80,40-60,40-60,2,5,0,0,0,1,4,4
10000141,129,2023-01-09,Sub-18,17.6,171.8,23.0389453041886,68.0,22.8208579893491,15.5181834327574,8.7336221589177,47.8915974932172,32.5662862953877,3.72884076077587,54.0,Reducir 1.5 kg de masa adiposa y aumentar 2.9 kg de masa muscular / NO APTO,93.1,40.4,28.3,20.1,28.5,7.4,9.8,53.7,28.6,29.9,26.5,91.1,73.2,97.3,53.5,53.0,36.5,7.5,9.1,9.6,15.8,6.4,5.6,2023-10-19 19:58:19.247,1,,2,60-80,60-80,60-80,2,3,0,0,3,2,2,1
10000143,801,2023-01-06,Reserva,20.7,174.6,3.0485,67.0,18.8,12.594,8.109,51.66,34.614,4.2686,30.0,,91.5,40.1,23.1,19.5,24.5,7.0,10.0,55.4,27.5,29.1,24.0,88.6,74.2,90.5,55.0,53.0,38.0,4.0,5.0,5.0,6.0,6.5,3.5,2024-01-27 20:03:20.700,3,10.53,2,0-20,60-80,0-20,2,3,0,3,3,2,2,3
10000145,184,2023-03-07,Sub-16,16.1,168.4,23.0265570607252,65.3,26.1840483184763,17.098183551965,8.96388932622314,42.8795606523634,28.0003531059933,3.12368349128101,67.2,"Mantener MM, disminuir 35 puntos en la S6P.",99.6,40.5,28.7,19.8,28.3,7.2,9.8,55.6,26.3,27.3,23.2,86.6,74.3,89.9,55.8,54.0,36.2,9.4,8.6,9.4,17.0,11.2,11.6,2023-10-19 19:58:19.247,1,,2,80-100,0-20,80-100,2,5,1,0,0,1,4,4
10000146,763,2023-01-06,Reserva,18.9,168.4,2.8359,67.3,18.78,12.637,8.781,50.85,34.222,3.8973,39.0,,131.1,40.2,29.2,21.0,26.3,6.8,10.2,57.4,29.0,31.0,26.5,92.0,81.2,92.3,54.1,52.5,36.2,4.0,9.0,5.0,8.0,10.0,3.0,2024-01-27 20:03:20.700,1,10.51,2,0-20,60-80,0-20,2,3,1,0,0,2,2,3
10000148,18,2023-01-11,Sub-16,15.6,160.0,23.8671875,61.1,21.9805161110086,13.4300953438262,7.8030822206557,48.1350944005956,29.4105426787639,3.76909301313148,57.3,"Mantener MM, disminuir 4 puntos en la S6P.",91.7,37.4,28.0,18.8,28.0,6.7,9.9,54.7,27.8,28.4,24.2,86.7,71.6,92.5,57.6,53.5,37.0,10.9,8.3,9.6,10.0,10.8,7.7,2023-10-19 19:58:19.247,1,11.48,2,20-40,20-40,80-100,1,5,1,4,2,1,0,4
10000149,17,2023-01-11,Sub-16,16.0,172.0,21.8023255813953,64.5,21.0194719288572,13.5575593941129,9.22477542742898,45.3915940048734,29.2775781331433,3.17379846950954,40.4,"Mantener MM, disminuir 8.6 puntos en la S6P.",94.1,40.8,30.2,18.6,28.5,6.7,10.2,56.2,26.6,28.1,24.5,87.2,75.6,90.5,52.0,50.1,34.7,6.6,8.3,7.8,7.8,5.9,4.0,2023-10-19 19:58:19.247,1,11.52,2,20-40,20-40,0-20,2,5,0,0,3,1,4,4
10000151,35,2023-01-10,Sub-18,16.4,171.0,21.3740980130638,62.5,20.457722869791,12.7860767936194,8.25272740300915,47.7309996490413,29.8318747806508,3.61478979298085,37.2,Requiere aumentar 4 kg de masa muscular ,91.7,40.1,27.9,18.7,26.6,7.0,9.5,55.5,26.4,28.0,25.5,86.7,74.1,87.4,52.4,48.5,34.4,4.9,7.1,8.4,7.3,4.9,4.6,2023-10-19 19:58:19.247,1,10.51,2,0-20,40-60,0-20,2,5,0,0,3,1,4,4
10000156,37,2023-01-10,Sub-17,16.5,168.4,22.9912943393459,65.2,21.4519169238513,13.986649834351,8.13657824398392,48.6953627108507,31.7493764874746,3.90205508205488,49.2,"Aumentar 1.5 kg de MM, mantener S6P.",91.5,41.0,29.8,18.6,25.0,7.3,9.8,54.7,28.1,30.3,27.0,90.4,72.1,90.9,55.3,52.5,35.3,7.0,9.9,8.4,7.3,9.9,6.7,2023-10-19 19:58:19.247,1,,2,40-60,40-60,60-80,2,5,1,0,0,1,4,4
10000159,862,2023-01-06,Reserva,17.1,169.7,2.8798,65.8,21.9,14.411,8.17,49.32,32.449,3.9717,47.0,,123.6,39.0,28.2,19.6,28.1,6.5,9.5,55.0,29.3,31.3,25.5,92.5,78.9,91.1,52.5,49.8,32.7,7.0,9.0,6.5,14.0,7.0,3.5,2024-01-27 20:03:20.700,5,13.11,2,40-60,60-80,40-60,2,5,0,0,0,2,4,1
10000163,20,2023-01-11,Sub-16,15.6,173.4,19.6224768488032,59.0,24.8627369756036,14.6690148156061,6.89120692257258,45.1359513537617,26.6302112987194,3.86437551475787,45.1,"Aumentar 3.9 kg de MM, disminuir 0.6 puntos en la S6P.",94.6,37.1,29.5,20.0,25.7,7.0,9.4,54.0,24.7,26.2,22.5,87.5,68.0,89.0,52.0,48.9,32.5,7.5,6.7,9.0,10.0,7.9,4.0,2023-10-19 19:58:19.247,1,,2,40-60,0-20,40-60,0,5,0,3,3,1,0,4
10000165,131,2023-01-09,Sub-18,16.5,170.2,25.8906021946946,75.0,22.3305069568602,16.7478802176451,8.94690673853316,51.3079490585705,38.4809617939278,4.30103530957748,57.6,,133.7,37.5,31.0,20.0,29.5,7.3,9.8,55.3,31.2,31.2,26.4,96.1,81.2,96.5,56.5,55.0,36.5,9.6,9.1,9.6,16.3,7.9,5.1,2023-10-19 19:58:19.247,1,11.08,2,80-100,80-100,80-100,2,5,0,0,0,1,4,4
10000166,21,2023-01-11,Sub-16,16.0,163.6,20.7734291401893,55.6,23.0098138286588,12.7934564887343,7.48195464994544,45.1527683512449,25.1049392032921,3.35539847243998,44.8,"Aumentar 4.3 kg de MM, disminuir 3 puntos en la S6P.",89.5,38.3,26.9,17.5,26.0,6.7,9.7,52.6,25.0,27.0,23.2,81.5,70.1,86.5,50.5,49.5,34.4,7.5,7.5,8.4,8.4,7.4,5.6,2023-10-19 19:58:19.247,1,13.58,2,0-20,0-20,40-60,2,5,1,4,2,1,4,4
10000167,38,2023-01-10,Sub-17,16.5,169.1,21.8571132313871,62.5,21.5208302101088,13.450518881318,7.91612951783501,47.3487149411301,29.5929468382063,3.73831008847613,48.9,"Aumentar 3.3 kg de MM, mantener S6P.",93.1,39.2,30.0,19.0,27.3,7.1,9.6,56.6,27.5,29.1,25.1,91.0,76.0,91.8,55.2,50.5,34.5,8.3,8.3,9.3,8.4,7.9,6.7,2023-10-19 19:58:19.247,1,,2,20-40,40-60,60-80,2,5,1,0,0,1,4,4
10000172,114,2023-01-09,Sub-18,16.8,174.2,20.5630858337475,62.4,24.2376488833132,15.1242929031875,7.28695607770632,45.489257495115,28.3852966769518,3.89535717990583,42.2,Aumentar 4 kg de MM.,93.5,38.6,27.7,17.5,25.0,6.9,8.7,56.0,25.5,28.2,24.4,83.0,71.9,88.0,51.4,51.0,35.5,5.3,8.7,8.4,7.8,6.4,5.6,2023-10-19 19:58:19.247,1,12.91,2,60-80,20-40,20-40,2,5,0,3,3,1,4,1
10000176,110,2023-01-09,Sub-18,17.4,175.5,23.3764336328439,72.0,25.3340102498525,18.2404873798938,8.69878793162771,50.2738995747294,36.1972076938051,4.16117831338279,54.8,,130.4,38.2,28.9,20.5,27.9,6.9,9.8,55.5,28.9,30.1,26.5,89.1,73.6,93.6,56.4,52.6,36.8,9.6,9.5,9.6,12.1,7.9,6.1,2023-10-19 19:58:19.247,1,,2,80-100,80-100,60-80,2,3,0,3,3,2,2,1
10000181,32,2023-01-10,Sub-17,16.9,170.1,20.149298351663,58.3,25.8916055371548,15.0948060281612,9.08838616925414,51.1234114630489,29.8049488829575,3.27945449586937,44.1,,137.5,39.9,28.8,16.8,26.9,6.9,9.6,55.6,26.0,28.1,24.5,86.8,71.4,88.6,51.5,46.5,32.5,7.5,9.1,8.7,6.8,6.9,5.1,2023-10-19 19:58:19.247,1,,2,60-80,40-60,20-40,2,5,0,0,0,1,4,1
10000187,510,2023-07-06,Sub-16,16.0,168.4,24.6133795227966,69.8,20.76,14.49,8.337,51.17,35.716,4.284,44.2,"Mantener MM, disminuir 4.2 puntos en la S6P.",70.0,37.0,30.0,17.0,27.3,7.2,9.1,56.7,27.0,29.0,24.3,89.8,74.0,96.0,58.0,56.7,36.5,8.0,6.6,8.0,10.0,5.3,6.3,2023-10-19 19:58:19.247,1,,2,40-60,80-100,20-40,2,5,1,0,0,1,4,4
10000192,36,2023-01-10,Sub-17,16.6,176.2,19.1004185987186,59.3,24.711899932603,14.6541566600336,7.79339784979854,44.5659505643967,26.4276086846872,3.39102522340373,42.6,"Aumentar 3 kg de MM, mantener S6P.",93.2,40.6,28.0,18.7,27.5,6.2,9.3,55.1,25.2,26.9,23.9,85.8,68.8,88.0,51.0,45.2,33.1,5.7,8.7,9.3,9.4,4.9,4.6,2023-10-19 19:58:19.247,1,,2,40-60,0-20,20-40,2,5,0,3,3,1,4,4
10000204,175,2023-03-04,Sub-18,17.9,169.3,20.7239496638289,59.4,22.1825128168434,13.176412613205,8.13043448825826,46.1046360894878,27.3861538371557,3.36835059389582,42.4,,87.0,38.7,27.3,18.2,27.7,7.4,9.6,53.7,26.3,27.8,25.9,83.6,74.1,87.6,51.2,48.3,33.5,6.8,7.0,6.4,13.8,4.3,4.1,2023-10-19 19:58:19.247,1,,2,20-40,0-20,20-40,2,3,1,0,0,2,2,1
10000208,125,2023-01-09,Sub-18,17.8,173.0,23.8898726987203,71.5,28.0609012005651,20.0635443584041,6.66026972727659,45.5046529449112,32.5358268556115,4.88506144463845,76.5,,97.4,31.0,29.3,18.9,28.8,6.4,10.4,57.0,29.4,30.6,24.2,86.8,77.3,100.5,62.3,53.6,38.0,10.9,12.4,12.2,16.3,12.3,12.4,2023-10-19 19:58:19.247,1,,2,80-100,60-80,80-100,2,3,0,3,3,2,2,1
10000211,178,2023-03-04,Sub-18,18.0,171.4,24.2018165999273,71.1,18.7508010922793,13.3318195766106,8.57154076656998,52.2986695629719,37.184354059273,4.33811785674477,43.2,Reducir 0.3 kg de masa adiposa / APTO,87.3,41.1,30.7,19.6,26.3,7.2,9.9,57.1,30.5,32.0,26.5,96.1,76.6,94.0,57.0,56.2,38.0,5.9,7.8,7.4,11.7,6.3,4.1,2023-10-19 19:58:19.247,1,,2,20-40,80-100,20-40,2,3,0,0,3,2,2,1
10000214,130,2023-01-09,Sub-18,17.4,172.6,24.168567703543,72.0,22.1881130395262,15.9754413884589,8.88962564429274,44.8369494918821,32.2826036341551,3.63149191269724,61.7,Reducir 3 kg de masa adiposa y aumentar 2.9 kg de masa muscular / NO APTO,95.6,42.1,28.9,40.3,27.2,7.6,10.4,55.6,29.6,30.8,27.0,91.3,75.3,95.8,58.0,54.5,37.2,8.8,11.5,9.6,15.8,9.9,6.1,2023-10-19 19:58:19.247,1,14.41,2,80-100,60-80,80-100,2,3,0,3,3,2,2,1
10000256,741,2024-01-16,Sub-17,16.5,174.5,3.045,63.9,24.59,15.715,8.202,46.1,29.457,3.5914,52.8,,80.0,38.4,28.5,16.3,28.1,7.0,10.0,56.6,27.2,29.5,24.7,90.2,74.7,89.8,53.5,51.6,35.0,9.6,9.8,7.2,13.0,8.0,5.2,2024-01-27 20:03:20.700,1,15.54,2,80-100,20-40,60-80,2,5,0,3,3,1,4,4
10000265,1013,2024-01-17,Sub-16,15.9,171.0,2.9241,64.0,22.58,14.449,8.74,46.21,29.577,3.3841,51.0,,89.9,40.1,29.0,17.9,28.5,7.3,10.1,55.3,27.3,29.1,25.2,88.3,76.3,93.1,54.0,51.5,35.4,5.8,8.0,10.0,14.2,8.4,4.6,2024-01-27 20:03:20.700,1,13.71,2,40-60,40-60,60-80,2,5,0,0,3,1,4,4
10000273,756,2023-01-07,Reserva,18.8,179.8,3.2328,72.4,18.19,13.171,9.116,55.28,40.019,4.39,34.0,,130.7,41.5,29.4,22.5,28.4,7.4,10.3,56.0,30.9,34.1,27.2,99.7,75.5,94.5,57.9,56.9,38.0,7.5,6.0,4.0,7.0,7.5,2.0,2024-01-27 20:03:20.700,4,10.05,2,20-40,80-100,0-20,2,3,3,3,1,2,2,3
10000301,883,2023-01-06,Reserva,19.1,172.8,2.986,73.7,19.05,14.042,8.916,50.97,37.566,4.2133,42.0,,91.4,39.5,29.4,20.7,28.2,7.0,10.2,55.8,31.0,33.2,26.6,92.2,76.5,93.5,57.5,56.0,38.0,7.0,8.0,7.0,8.0,5.0,7.0,2024-01-27 20:03:20.700,1,10.73,2,40-60,80-100,20-40,2,3,0,3,3,2,2,3
10000006,456,2023-07-11,Sub-13,13.4,161.5,19.3618265295364,50.5,26.29,13.277,6.624,42.72,21.572,3.2566,51.2,"Aumentar 2.4 kg de MM, dimisminuir 13.2 puntos en la S6P.",84.0,35.2,25.1,16.9,26.0,6.7,9.7,51.8,23.2,24.7,22.4,78.7,67.5,84.3,49.3,47.6,33.3,9.4,7.4,7.0,11.8,8.2,7.4,2023-10-19 19:58:19.247,1,17.65,3,80-100,60-80,60-80,1,2,1,4,2,0,3,2
10000008,917,2024-01-22,Sub-13,13.0,161.3,2.6018,52.3,23.99,12.548,6.654,45.21,23.644,3.5534,51.2,,84.2,35.8,27.0,17.2,25.8,6.6,9.5,55.2,24.7,26.3,23.1,83.1,71.0,85.0,51.7,50.4,33.5,10.2,7.8,7.2,11.8,8.2,6.0,2024-01-27 20:03:20.700,1,14.98,3,60-80,80-100,60-80,1,2,1,4,2,0,1,0
10000011,63,2023-01-13,Sub-14,13.7,160.0,21.40625,54.8,21.7156623536764,11.9001829698147,6.49668777740214,47.3555896795853,25.9508631444127,3.99447595968508,45.5,"Aumentar 2.1 kg de MM, dimisminuir 5.6 puntos en la S6P.",89.7,34.0,27.5,19.5,26.1,6.6,9.4,54.8,25.8,27.2,23.4,82.1,70.6,85.2,54.3,51.5,33.6,7.5,7.5,8.7,7.8,7.9,6.1,2023-10-19 19:58:19.247,1,13.18,3,60-80,80-100,20-40,1,2,1,4,2,3,3,2
10000017,198,2023-03-06,Sub-13,12.7,152.0,18.7413434903047,43.3,24.9717469744751,10.8127664399477,5.71915136709793,42.8949869022589,18.5735293286781,3.24760233406847,43.0,"Aumentar 1.5 kg de MM, mantener la S6P.",73.0,33.1,24.5,14.9,23.5,6.6,8.1,54.5,22.5,25.8,20.0,74.5,65.5,75.0,45.0,41.0,31.0,6.8,7.0,7.4,8.6,7.3,5.9,2023-10-19 19:58:19.247,1,12.09,3,20-40,40-60,20-40,3,1,2,2,4,0,1,0
10000021,41,2023-01-14,Sub-13,12.5,154.4,19.6733469354882,46.9,25.4584247395701,11.9400012028584,5.31873628495943,42.4688262794131,19.9178795250447,3.74485187042822,60.6,,123.7,32.7,24.6,38.7,24.1,6.2,9.5,54.8,23.1,24.0,22.1,79.1,64.8,82.0,56.2,49.6,30.9,11.8,8.7,8.7,8.9,14.8,7.7,2023-10-19 19:58:19.247,1,17.86,3,60-80,60-80,60-80,3,1,2,2,4,0,1,0
10000033,44,2023-01-14,Sub-13,12.1,148.6,20.1974824698532,44.6,25.9364936792072,11.5676761809264,6.11371065362619,42.0912855404155,18.7727133510253,3.07059238073211,58.0,,77.8,33.1,25.2,17.7,24.4,6.2,9.4,55.5,23.3,24.1,20.5,77.5,65.5,80.2,47.1,47.0,31.5,10.1,7.5,9.6,12.1,9.9,8.8,2023-10-19 19:58:19.247,1,17.08,3,40-60,40-60,60-80,3,1,2,2,4,0,1,0
10000034,45,2023-01-14,Sub-13,12.5,154.1,17.2654769209001,41.0,28.5908408205222,11.7222447364141,5.67929782107466,39.3515266450058,16.1341259244524,2.84086632410473,50.5,"Aumentar 4.7 kg de MM, disminuir 9.2 en la S6P.",83.5,32.4,23.8,17.1,24.9,6.2,9.2,53.3,20.7,21.7,20.9,72.2,61.1,78.0,46.5,43.5,30.0,8.3,6.7,8.4,9.4,8.9,8.8,2023-10-19 19:58:19.247,1,16.52,3,40-60,0-20,40-60,3,1,2,2,4,0,1,0
10000050,42,2023-01-14,Sub-13,13.0,152.4,17.4805905167366,40.6,23.2324022057943,9.4323552955525,6.01906081198255,41.1424926577697,16.7038520190545,2.77515920520374,34.7,"Aumentar 2.7 kg de MM, mantener la S6P.",87.5,34.0,24.0,16.5,25.2,6.4,9.2,50.9,20.6,21.4,19.8,72.9,65.9,75.5,44.9,42.8,28.8,6.2,5.9,7.8,5.7,3.5,5.6,2023-10-19 19:58:19.247,1,12.8,3,0-20,0-20,0-20,3,1,2,2,4,0,1,0
10000053,48,2023-01-14,Sub-13,13.0,158.4,16.1415289256198,40.5,26.1860930069169,10.6053676678014,5.48531996831233,40.7573179907906,16.5067137862702,3.00925267470747,33.0,"Aumentar 2.6 kg de MM, mantener la S6P.",86.0,33.9,23.8,16.5,23.1,6.2,8.9,51.6,21.0,22.0,19.2,72.4,59.8,74.9,43.5,41.4,29.4,5.3,5.9,7.8,4.6,5.4,4.0,2023-10-19 19:58:19.247,1,15.47,3,20-40,0-20,0-20,1,2,2,4,2,0,1,0
10000072,210,2023-03-06,Sub-13,13.1,160.3,19.4192968657878,49.9,23.3156548319677,11.6345117611519,6.44684497982757,40.6652548666698,20.2919621784682,3.14758028802656,46.8,"Aumentar 2.6 kg de MM, disminuir 5.8 en la S6P.",78.0,36.3,26.5,36.8,24.9,6.6,9.7,53.7,22.3,24.3,22.3,80.2,71.5,84.4,48.6,45.9,32.5,7.6,7.0,6.4,10.7,9.2,5.9,2023-10-19 19:58:19.247,1,14.84,3,40-60,60-80,40-60,1,2,1,4,2,0,1,0
10000109,40,2023-01-14,Sub-13,12.7,162.7,20.7772269504055,55.0,26.2392233828399,14.4315728605619,6.86255952180196,39.518870762785,21.7353789195317,3.16724085969378,67.0,"Mantener MM, disminuir 31.4 puntos en la S6P.",89.1,37.1,27.5,37.2,26.7,7.0,9.5,54.6,26.0,26.4,23.1,82.0,70.0,86.0,52.1,48.2,33.4,11.8,8.3,10.8,15.3,9.9,10.9,2023-10-19 19:58:19.247,1,20.14,3,80-100,60-80,80-100,1,2,1,4,2,0,1,0
10000113,78,2023-01-13,Sub-14,14.0,158.2,21.8162290368415,54.6,19.7410377908206,10.7786066337881,7.39336532813703,47.6052062967644,25.9924426380334,3.51564429517821,39.3,,90.0,37.0,28.2,17.2,25.6,7.0,9.8,53.8,25.0,27.3,23.9,84.6,72.0,86.0,49.5,48.8,33.5,5.7,7.9,8.4,8.9,4.9,3.5,2023-10-19 19:58:19.247,1,9.81,3,20-40,80-100,0-20,1,2,2,4,2,3,3,2
10000115,53,2023-01-14,Sub-13,12.7,156.2,17.6240776049616,43.0,27.3822341328164,11.7743606771111,5.86192103027613,40.5144680586037,17.4212212651996,2.97193039196895,47.3,"Aumentar 2.7 kg de MM, mantener la S6P.",84.2,33.0,23.4,17.5,25.1,5.8,9.2,54.7,21.1,22.0,20.1,73.9,63.3,79.0,46.8,43.6,31.1,8.3,7.5,7.8,10.0,3.9,9.8,2023-10-19 19:58:19.247,1,,3,40-60,20-40,40-60,3,1,2,2,2,0,1,0
10000119,54,2023-01-14,Sub-13,12.7,153.7,18.9216841230138,44.7,39.2102867618217,17.5269981825343,6.32837637037515,40.9994108904459,18.3267366680293,2.8959618700654,74.4,,125.5,32.2,23.7,17.0,24.1,6.2,9.3,52.5,22.0,23.5,21.0,73.2,63.0,79.6,48.0,46.2,33.0,6.6,38.1,9.0,6.2,9.9,4.6,2023-10-19 19:58:19.247,1,18.87,3,80-100,20-40,80-100,3,1,2,2,4,0,1,0
10000121,55,2023-01-14,Sub-13,12.9,160.9,17.7682944870776,46.0,21.6031161626817,9.93743343483358,7.25925594655721,42.7795974041033,19.6786148058875,2.71083082767186,29.6,"Aumentar 2.7 kg de MM, mantener la S6P.",85.2,35.3,25.4,17.6,25.7,7.1,9.3,56.3,22.0,24.0,22.1,77.8,66.0,77.0,43.5,46.6,30.6,4.4,5.9,7.2,5.7,3.9,2.5,2023-10-19 19:58:19.247,1,11.85,3,0-20,40-60,0-20,1,2,1,4,2,0,1,0
10000128,81,2023-01-13,Sub-14,13.8,159.5,20.4793584968701,52.1,22.9859269584567,11.975667945356,6.89229425669516,45.0999867136436,23.4970930778083,3.40918309675813,42.5,"Aumentar 1.6 kg de MM, dimisminuir 5.8 puntos en la S6P.",89.1,35.1,25.5,18.2,25.7,6.6,9.2,54.5,23.1,24.9,22.0,78.6,67.4,86.5,52.1,50.2,32.3,7.0,7.9,7.8,7.8,6.4,5.6,2023-10-19 19:58:19.247,1,15.56,3,60-80,80-100,20-40,1,2,1,4,2,3,3,2
10000132,56,2023-01-14,Sub-13,12.3,152.0,20.9920360110803,48.5,24.8739077744253,12.0638452705963,8.11548868893716,45.3321261924131,21.9860812033203,2.70915061877805,47.0,"Aumentar 0.7 kg de MM, dimisminuir 10.4 puntos en la S6P.",125.2,35.5,27.2,17.5,26.3,6.7,10.0,54.2,23.4,24.2,21.7,71.5,69.9,86.5,51.2,47.0,31.9,7.5,6.7,9.3,10.0,7.9,5.6,2023-10-19 19:58:19.247,1,13.46,3,60-80,80-100,40-60,3,1,2,2,4,0,1,0
10000153,211,2023-03-06,Sub-13,12.8,157.6,22.4657940168518,55.8,28.3402399568512,15.8138538959229,7.20888688399346,42.054260773656,23.4662775117,3.25518736655506,74.6,"Aumentar 0.5 kg de MM, disminuir 25.8 en la S6P.",72.0,34.5,25.9,18.0,26.7,6.8,10.1,54.6,26.2,27.1,23.3,85.4,75.3,87.4,48.1,44.8,33.1,12.1,11.1,10.4,21.2,9.2,10.6,2023-10-19 19:58:19.247,1,14.73,3,80-100,80-100,80-100,3,1,2,4,2,0,1,0
10000170,85,2023-01-13,Sub-14,14.0,158.9,20.5154933560297,51.8,26.0268646809961,13.481915904756,6.75599330953199,44.2691739985625,22.9314321312554,3.39423547073405,57.3,"Aumentar 2.1 kg de MM, mantener S6P.",89.4,35.7,26.0,17.4,25.0,6.6,9.5,55.1,25.2,26.3,23.6,79.7,67.6,82.3,47.2,47.0,34.6,7.5,7.5,10.2,18.5,6.9,6.7,2023-10-19 19:58:19.247,1,12.51,3,80-100,80-100,60-80,1,2,1,4,2,3,3,2
10000180,43,2023-01-14,Sub-13,12.8,144.2,18.2267270184537,37.9,31.063161722775,11.7729382929317,5.49127386129225,44.0519258019049,16.695679878922,3.040401972411,58.1,,118.9,33.2,23.6,16.4,22.2,6.0,8.9,51.6,21.8,22.4,20.0,71.0,65.0,76.0,46.8,43.5,29.3,10.9,6.7,8.4,10.0,13.3,8.8,2023-10-19 19:58:19.247,1,,3,40-60,0-20,60-80,3,1,2,2,4,0,1,0
10000186,199,2023-01-14,Sub-13,12.5,154.4,19.6733469354882,46.9,24.9965331664458,11.7233740550631,5.2222385835178,41.6983154100406,19.556509927309,3.74485187042822,60.6,,83.7,32.7,24.6,38.7,24.1,6.2,9.5,54.8,23.1,24.0,22.1,79.1,64.8,82.0,56.2,49.6,30.9,11.8,8.7,8.7,8.9,14.8,7.7,2023-10-19 19:58:19.247,1,,3,40-60,40-60,60-80,3,1,2,2,4,0,1,0
10000200,51,2023-01-14,Sub-13,12.2,139.4,16.1071532227686,31.3,31.6534343370621,9.90752494750043,5.17330330169058,46.8281639190828,14.6572153066729,2.83324105545544,45.6,,116.1,31.0,22.1,15.6,21.6,5.7,8.3,52.8,18.8,19.6,18.6,68.1,58.0,69.5,41.8,39.1,27.7,7.5,6.3,8.4,8.9,9.9,4.6,2023-10-19 19:58:19.247,1,,3,0-20,0-20,20-40,3,1,2,2,4,0,1,0
10000218,60,2023-01-14,Sub-13,12.3,151.4,20.8969913567601,47.9,27.930286611982,13.3786072871394,5.93131709781962,37.5062615864541,17.9654992999115,3.02892241362642,73.2,,120.8,33.6,25.5,37.4,26.3,6.2,9.8,52.0,22.4,23.7,21.1,78.0,68.9,84.4,50.5,46.6,30.7,10.1,9.1,11.9,18.5,14.8,8.8,2023-10-19 19:58:19.247,1,,3,80-100,20-40,80-100,3,1,2,2,4,0,1,0
10000231,916,2024-01-22,Sub-13,12.8,151.5,2.2952,42.3,24.89,10.53,6.092,43.39,18.352,3.0125,49.8,,77.9,34.5,23.5,15.8,24.9,6.5,9.5,53.6,23.1,24.7,21.8,76.2,64.8,77.8,47.1,44.7,31.0,10.0,6.0,8.2,12.0,8.2,5.4,2024-01-27 20:03:20.700,1,15.82,3,20-40,20-40,40-60,3,1,2,2,4,0,1,0
10000278,903,2024-01-24,Sub-13,12.8,150.3,2.259,44.1,20.41,9.0,5.877,47.56,20.976,3.5692,37.8,,77.0,33.4,25.2,17.5,24.0,6.6,9.4,53.8,23.7,24.7,22.3,79.7,65.4,78.6,47.4,44.6,32.7,7.0,5.4,4.2,6.2,9.0,6.0,2024-01-27 20:03:20.700,1,11.84,3,0-20,60-80,0-20,3,1,2,2,4,0,1,0
10000280,904,2024-01-22,Sub-13,13.0,156.2,2.4398,43.4,19.54,8.482,6.077,46.05,19.987,3.289,25.4,,79.4,34.4,25.7,16.5,24.6,6.4,9.5,52.2,21.6,23.3,22.1,79.3,66.4,76.4,43.8,42.4,30.2,4.2,4.2,4.0,4.6,5.4,3.0,2024-01-27 20:03:20.700,1,11.12,3,0-20,60-80,0-20,3,1,2,2,2,0,1,0
10000283,907,2024-01-24,Sub-13,12.1,139.9,1.9572,38.3,22.49,8.613,4.917,46.19,17.69,3.5977,48.2,,68.7,32.6,23.3,15.8,22.6,6.1,8.9,51.6,23.1,24.5,20.9,73.5,66.6,76.8,49.2,44.6,30.3,8.8,7.8,7.0,10.4,9.2,5.0,2024-01-27 20:03:20.700,1,13.63,3,0-20,20-40,40-60,3,1,2,2,4,0,1,0
10000284,908,2024-01-22,Sub-13,12.8,150.4,2.262,35.0,28.8,10.08,4.919,38.03,13.312,2.7062,44.3,,74.8,31.9,23.4,15.4,22.4,6.0,9.0,53.2,19.3,19.8,19.0,73.6,58.5,73.8,43.5,38.7,25.7,7.8,5.0,4.2,7.8,11.5,8.0,2024-01-27 20:03:20.700,1,19.7,3,20-40,0-20,20-40,3,1,2,2,4,0,1,0
10000287,911,2024-01-22,Sub-13,12.5,151.2,2.2861,46.0,29.57,13.604,5.342,41.64,19.152,3.5852,75.4,,77.8,32.4,26.6,17.5,24.6,6.0,9.4,53.6,25.8,25.4,21.2,82.0,65.6,81.0,49.5,45.0,30.7,15.8,12.2,9.4,15.4,13.6,9.0,2024-01-27 20:03:20.700,1,20.51,3,80-100,40-60,80-100,3,1,2,2,4,0,1,0
10000289,913,2024-01-22,Sub-13,12.3,161.9,2.6212,48.8,21.47,10.477,7.657,43.62,21.284,2.7797,31.2,,85.8,37.8,25.2,16.6,26.6,6.3,9.4,55.2,22.6,24.4,21.3,76.8,66.7,84.2,49.3,48.4,31.3,5.8,6.0,4.4,5.4,5.4,4.2,2024-01-27 20:03:20.700,1,12.74,3,20-40,60-80,0-20,1,2,1,4,2,0,1,0
10000290,914,2024-01-22,Sub-13,12.6,155.0,2.4025,41.1,27.81,11.428,5.834,40.37,16.593,2.8442,49.0,,68.8,34.0,24.2,14.2,24.3,6.4,9.3,53.0,23.4,23.4,20.3,73.2,65.0,77.1,46.0,45.5,29.5,10.8,8.0,4.8,13.2,7.0,5.2,2024-01-27 20:03:20.700,1,18.68,3,40-60,0-20,40-60,3,1,2,2,4,0,1,0
10000292,919,2024-01-22,Sub-13,12.3,151.5,2.2952,45.5,27.2,12.377,6.228,39.81,18.115,2.9086,53.6,,79.5,32.7,23.7,17.8,23.8,6.5,9.5,53.7,24.7,25.7,22.2,64.2,64.3,79.4,50.3,48.6,34.0,11.0,5.8,4.6,8.0,15.2,9.0,2024-01-27 20:03:20.700,1,18.07,3,60-80,20-40,60-80,3,1,2,2,4,0,1,0
10000294,922,2024-01-22,Sub-13,11.6,154.0,2.3716,47.8,32.02,15.306,5.739,40.23,19.231,3.3509,85.8,,79.1,33.1,24.2,16.4,25.9,6.2,9.8,53.0,25.4,25.9,22.6,77.6,67.5,88.0,53.2,26.8,33.4,15.8,9.2,10.4,19.5,19.5,11.4,2024-01-27 20:03:20.700,1,23.18,3,80-100,40-60,80-100,3,1,2,2,4,0,1,0
10000296,924,2024-01-22,Sub-13,12.9,159.6,2.5472,51.3,23.13,11.868,6.234,47.26,24.245,3.8892,47.2,,83.6,32.5,27.2,16.7,27.4,6.4,9.4,54.6,24.7,25.8,22.1,83.3,67.5,85.6,51.0,49.1,33.7,7.6,7.0,8.2,12.6,7.2,4.6,2024-01-27 20:03:20.700,1,14.2,3,60-80,80-100,40-60,1,2,1,4,2,0,1,0
10000298,926,2024-01-22,Sub-13,12.7,156.8,2.4586,44.7,24.82,11.094,6.637,41.62,18.604,2.8031,46.0,,80.2,35.4,24.5,17.2,25.6,6.6,9.7,54.2,22.2,23.7,21.3,78.3,67.3,79.8,47.1,44.0,30.7,7.6,6.4,6.0,10.0,9.8,6.2,2024-01-27 20:03:20.700,1,15.75,3,40-60,40-60,20-40,3,1,2,4,2,0,1,0
10000299,927,2024-01-22,Sub-13,13.0,144.4,2.0851,39.0,21.87,8.53,4.879,46.78,18.246,3.7397,40.4,,74.4,32.7,23.4,15.5,22.7,6.0,9.0,50.7,22.5,24.1,21.9,74.9,63.7,75.7,46.2,44.9,31.2,8.8,4.6,6.2,5.6,11.2,4.0,2024-01-27 20:03:20.700,1,13.08,3,0-20,20-40,20-40,3,1,2,2,4,0,1,0
10000300,928,2024-01-22,Sub-13,12.9,141.4,1.9994,36.3,29.63,10.755,5.125,37.68,13.677,2.6687,64.6,,72.0,30.9,23.6,14.3,24.3,6.1,8.9,53.2,22.1,22.9,19.7,72.3,64.2,75.2,44.6,43.1,27.1,11.0,9.0,6.8,13.0,16.0,8.8,2024-01-27 20:03:20.700,1,20.58,3,20-40,0-20,80-100,3,1,2,2,4,0,1,0
10000302,929,2024-01-24,Sub-13,12.8,156.0,2.4336,42.5,23.29,9.897,5.963,43.38,18.438,3.0921,35.4,,77.3,34.0,24.2,16.4,25.0,6.3,9.4,52.0,22.2,23.1,22.0,75.0,64.8,77.4,45.5,44.2,29.6,7.0,5.6,5.4,7.4,6.0,4.0,2024-01-27 20:03:20.700,1,14.34,3,0-20,40-60,0-20,3,1,2,2,2,0,1,0
